,LightGBM,Seasonal Naive,Rolling LightGBM,Risk-Aware CQR,Risk-Aware Bayesian,Oracle
2023-12-31,27.71188213092351,19.937090464256844,,0.0,0.0,64.64750000000001
2024-01-01,7.035813119425505,5.601229786092176,11.339563119425506,0.0,0.0,20.11
2024-01-02,13.980649706301968,13.980649706301968,2.468462206301975,13.980649706301968,0.0,47.82875
2024-01-03,12.177512095255146,12.177512095255146,60.86126209525515,0.0,0.0,72.13749999999999
2024-01-04,13.911589831550437,-12.569660168449563,13.911589831550437,0.0,0.0,47.115
2024-01-05,13.01853586742073,-24.784589132579278,13.01853586742073,0.0,0.0,27.647500000000004
2024-01-06,73.53986677001166,7.489658436678319,108.16913760334495,142.7984084366783,0.0,165.81374999999997
2024-01-07,169.754094035418,155.874094035418,126.0802398687513,0.0,0.0,185.38625000000002
2024-01-08,-0.9001859969426604,17.838564003057336,-0.22768599694265923,0.0,0.0,35.573333333333345
2024-01-09,4.784614579976985,-24.657052086689685,13.651697913310322,0.0,0.0,30.963749999999997
2024-01-10,5.6239133239176695,-2.0223366760823325,5.6239133239176695,0.0,0.0,89.04499999999999
2024-01-11,46.026872975005546,46.026872975005546,39.59833130833887,0.0,0.0,66.09291666666667
2024-01-12,9.247883432269358,22.608716765602693,19.268508432269357,0.0,0.0,40.792500000000004
2024-01-13,11.472012711856642,-10.15048728814336,13.382325211856646,0.0,0.0,30.403333333333336
2024-01-14,-11.998716375978233,24.56878362402177,-4.7909038759782305,0.0,0.0,42.838750000000005
2024-01-15,12.884952811638819,-91.50338052169451,10.432556978305485,0.0,0.0,96.7525
2024-01-16,112.57952015814891,-136.04297984185106,102.88827015814891,0.0,0.0,124.13499999999999
2024-01-17,48.89136869576902,-62.603214637564335,48.89136869576902,0.0,0.0,60.651250000000005
2024-01-18,-34.92429566894,-77.20262900227331,-1.8230456689399972,0.0,0.0,91.62749999999998
2024-01-19,-21.215640762543604,37.2181092374564,9.565609237456396,0.0,0.0,48.54875
2024-01-20,-13.6465235700201,-21.06589857002009,7.4459764299799005,0.0,0.0,41.272499999999994
2024-01-21,8.468948763699736,-34.51980123630026,8.468948763699736,0.0,0.0,64.96458333333332
2024-01-22,2.2678675014005236,-153.8527574985995,9.367242501400522,0.0,0.0,138.585
2024-01-23,-5.403258146997025,-30.07638314699703,-5.403258146997025,0.0,-2.5573206469970273,17.931250000000002
2024-01-24,10.125158304736289,-36.089841695263715,10.125158304736289,0.0,5.895783304736291,31.723750000000003
2024-01-25,-8.250343324786975,-4.809405824786971,33.94371917521303,0.0,0.0,69.66875
2024-01-26,2.861530560125999,37.814030560125985,13.446530560125993,0.0,0.0,49.31625
2024-01-27,8.384688727577576,-0.910311272422426,6.182188727577575,0.0,0.0,34.962500000000006
2024-01-28,38.201142168564964,-1.5901078314350379,38.201142168564964,0.0,0.0,63.93625
2024-01-29,30.28346534539618,52.56221534539619,30.28346534539618,0.0,0.0,61.18625
2024-01-30,2.9954077922167492,-6.023967207783251,3.9597827922167532,6.983532792216749,0.8072827922167463,18.696666666666673
2024-01-31,21.21520112378961,28.97645112378961,5.566034457122939,23.012701123789608,0.0,38.798750000000005
2024-02-01,13.662855167054227,-53.34839483294577,9.819730167054226,13.662855167054227,0.0,66.01124999999999
2024-02-02,15.712713459301508,18.201463459301504,15.712713459301508,15.712713459301508,0.0,48.69499999999999
2024-02-03,12.735293628920399,2.7936269622537324,12.735293628920399,11.150189462253731,2.594251962253736,20.651666666666667
2024-02-04,-7.593810448759681,7.444939551240314,21.366189551240318,19.892439551240315,6.78493955124031,28.795
2024-02-05,20.397953210416965,15.895140710416968,25.80430737708363,4.178890710416967,0.0,56.934375
2024-02-06,-7.4578242288772465,0.5790507711227519,78.50030077112275,78.50030077112275,0.0,94.40625
2024-02-07,-0.35501479188401674,-13.838452291884014,-0.35501479188401674,0.0,9.763422708115986,26.63625
2024-02-08,19.820898621711272,4.571731955044614,14.928606955044609,-1.6482680449553868,10.25454445504461,29.439999999999998
2024-02-09,-8.395119748409758,0.8307135849235721,0.8307135849235721,84.26363025159024,0.0,93.53625000000001
2024-02-10,130.86870106556896,-12.8417156010977,130.86870106556896,0.0,0.0,190.98749999999998
2024-02-11,-6.334798967424334,-9.551673967424328,-5.736673967424327,0.0,-4.862923967424326,21.567499999999995
2024-02-12,-9.497922780518847,-5.690422780518851,-9.497922780518847,0.0,-9.007610280518847,15.811250000000001
2024-02-13,-20.16881364158403,-18.93506364158403,186.54243635841596,0.0,0.0,206.44
2024-02-14,331.38729472202095,0.6997947220209007,331.38729472202095,0.0,0.0,356.24500000000006
2024-02-15,7.728047410853719,-14.803202589146283,7.728047410853719,0.0,-3.9194525891462817,36.40375
2024-02-16,-14.238958122267226,-4.637708122267226,-14.238958122267226,0.0,-6.747708122267223,34.745
2024-02-17,242.62616637164368,-8.159771128356297,242.62616637164368,0.0,0.0,361.775
2024-02-18,435.6429848032911,-45.563890196708854,593.2798598032911,0.0,0.0,653.63875
2024-02-19,-7.418487577453952,-46.59182091078728,-7.418487577453952,0.0,0.0,54.18833333333333
2024-02-20,-51.96537189526034,-66.39995522859367,-51.96537189526034,0.0,-49.89870522859367,19.655
2024-02-21,-39.75967999437157,-34.907179994371575,-39.75967999437157,0.0,0.0,237.50625
2024-02-22,303.3171177251778,-30.862882274822173,303.3171177251778,0.0,0.0,361.19874999999996
2024-02-23,-44.01220759661966,-49.938145096619664,-42.03689509661966,0.0,-47.67720759661966,18.93625
2024-02-24,-62.966265061829006,-42.33334839516234,-59.038452561829004,0.0,-45.07501506182899,22.657916666666665
2024-02-25,-29.016740150747413,-131.48007348408075,-22.006427650747415,0.0,0.0,111.3325
2024-02-26,64.21735449342276,-6.795562173243901,44.10704199342276,0.0,0.0,95.70125
2024-02-27,-24.29051771397758,-24.910205213977584,-22.43145521397758,0.0,-8.821455213977586,27.953124999999993
2024-02-28,-25.836305178121865,-17.130055178121864,-16.456930178121862,0.0,-23.990055178121864,14.771875000000001
2024-02-29,3.5358304712088113,-21.245419528791203,-22.365002862124534,0.0,-26.1691695287912,29.34375000000001
2024-03-01,19.849972802697213,6.428722802697219,19.849972802697213,0.0,0.0,63.64625000000001
2024-03-02,48.01266756293889,-59.31983243706111,35.405792562938885,0.0,0.0,58.92375
2024-03-03,-0.13911652811309771,0.3008834718869,0.004633471886899443,0.0,-2.875679028113101,12.881666666666662
2024-03-04,-2.573246649639586,5.269253350360412,7.779253350360417,0.0,-0.3126216496395884,27.75
2024-03-05,37.98667542204238,-3.4361370779576212,27.508550422042386,37.98667542204238,0.0,46.44708333333333
2024-03-06,11.77165480837727,-12.49522019162273,21.388529808377278,31.703529808377276,0.0,45.17625
2024-03-07,-6.053680129241959,-5.274930129241961,-5.444305129241965,-5.27368012924196,-4.1536801292419625,5.011250000000004
2024-03-08,-17.464445615879114,-13.141008115879117,-17.464445615879114,-16.731008115879117,5.194616884120887,14.853750000000002
2024-03-09,23.117165015692308,8.496540015692313,29.52154001569231,29.52154001569231,0.0,37.567499999999995
2024-03-10,18.389439992542147,-26.88212250745787,18.389439992542147,-13.292122507457862,0.0,30.815000000000005
2024-03-11,-4.9678818299018594,-1.7838193299018599,-5.485902663235191,0.0,-0.2847568299018626,12.559583333333334
2024-03-12,5.2817326508588565,-20.673267349141142,-0.33472568247447754,5.2817326508588565,9.119024317525522,29.373333333333328
2024-03-13,37.37781455237342,0.07260621904008246,37.37781455237342,37.37781455237342,0.0,42.01833333333334
2024-03-14,22.222490652236637,5.786240652236639,25.25551148556997,18.253011485569967,0.0,30.280833333333334
2024-03-15,0.07287485943591321,2.5608956927692432,0.9701665261025809,-1.2375418072307554,6.252770692769243,14.937499999999998
2024-03-16,-14.271353964340864,-9.589374797674196,-14.271353964340864,-14.271353964340864,1.1592710356591311,12.4853125
2024-03-17,8.668123106698086,-11.886251893301914,12.681873106698085,0.0,13.290623106698085,27.986875000000005
2024-03-18,5.317021787720762,-5.070478212279234,10.995771787720761,14.128271787720767,14.10389678772077,23.878750000000004
2024-03-19,0.3815711193107205,-3.3121788806892773,1.550737785977386,-17.790512214022613,11.182925285977387,21.247083333333336
2024-03-20,-3.6236966215987216,10.104949211734613,-2.8200507882653874,-2.8200507882653874,5.4495325450679495,15.372500000000006
2024-03-21,3.552143203142222,-15.634210963524442,4.0482890364755555,5.4971432031422225,7.3174557031422225,18.682499999999997
2024-03-22,5.091127649307399,-1.4093931840259373,4.291440149307398,-13.926059850692607,0.0,29.99625
2024-03-23,-6.701837405142914,1.4509750948570854,-6.629649905142912,-9.634962405142915,9.939412594857085,14.8515625
2024-03-24,-6.467663179921182,-27.203913179921184,-6.230059013254515,-6.467663179921182,0.0,22.86375
2024-03-25,10.93593815904913,-12.404061840950867,4.567604825715797,5.381771492382462,11.276563159049132,19.190625
2024-03-26,-7.9888326550595465,-8.970186821726216,-7.488936821726213,6.723042344940453,5.764917344940454,16.79625
2024-03-27,-10.079250726788008,-7.279250726788003,-5.570709060121338,12.649499273211998,13.807936773211999,24.552500000000002
2024-03-28,-10.886269616167706,-19.7537696161677,-11.940019616167703,-23.925019616167695,0.9262303838322978,21.397499999999994
2024-03-29,-27.13824823748986,-43.205123237489865,-16.801060737489866,-43.205123237489865,0.0,37.620000000000005
2024-03-30,34.76098708727223,-3.206512912727767,0.12629958727222856,43.03254958727222,0.0,47.04999999999999
2024-03-31,69.78802597988664,69.78802597988664,59.14583847988664,56.13333847988663,0.0,75.095
2024-04-01,-12.97879275451923,0.9743322454807721,-9.740667754519228,0.0,-0.6419177545192305,10.106666666666667
2024-04-02,12.331102005455074,-7.336397994544923,16.819227005455076,3.9573520054550766,0.0,26.902499999999996
2024-04-03,19.773770317436156,-5.627479682563838,19.773770317436156,0.0,0.0,34.19375
2024-04-04,76.14393978251306,-13.556372717486948,79.18612728251306,50.23216894917971,0.0,86.30375
2024-04-05,-2.801318794280782,10.029097872385886,-1.044652127614114,0.0,0.0,17.90125
2024-04-06,32.97931298634919,14.508375486349198,21.711187986349195,16.077125486349196,0.0,46.464999999999996
2024-04-07,28.718185963314763,1.9006859633147783,28.718185963314763,0.0,0.0,42.82999999999999
2024-04-08,105.64409489161778,105.64409489161778,83.18274072495112,0.0,0.0,114.84666666666666
2024-04-09,-4.49379222149077,-5.847958888157438,-4.49379222149077,0.0,-4.615250554824099,9.021666666666668
2024-04-10,-15.561103303060882,-27.42839496972755,-14.401832469727548,0.0,0.6637925302724454,17.18125
2024-04-11,5.978070687388733,-24.077866812611262,-3.116616812611266,0.0,0.0,20.070312499999996
2024-04-12,42.96600900840738,6.7765298417407145,42.96600900840738,0.0,0.0,72.07375
2024-04-13,4.495244352647361,13.269411019314031,6.688786019314025,0.0,0.0,23.60166666666667
2024-04-14,1.9351178722425484,2.9628262055758814,-9.47759046109078,0.0,0.0,27.6025
2024-04-15,14.136672787777844,9.885839454444504,14.136672787777844,0.0,0.0,26.58625
2024-04-16,16.938057748357647,-32.81433808497569,14.09149524835765,0.0,0.0,49.701249999999995
2024-04-17,-17.457480020407438,-5.428730020407443,-17.457480020407438,0.0,3.27856164625922,14.31875
2024-04-18,-5.750676564004348,-21.82536406400434,5.231823435995656,0.6996359359956532,0.0,15.196666666666665
2024-04-19,21.140576452237134,4.779638952237134,10.395263952237135,21.140576452237134,0.0,27.253437499999997
2024-04-20,4.662795526854509,4.662795526854509,19.8846705268545,19.4702955268545,0.0,32.21374999999999
2024-04-21,-4.6582160797225445,-15.544778579722543,-4.6582160797225445,0.0,0.0,48.4725
2024-04-22,0.6617491083961795,-24.15325089160382,0.6617491083961795,-16.84075089160382,9.93862410839618,17.27416666666667
2024-04-23,5.084886024388602,10.942698524388609,6.112698524388598,0.0,0.0,30.88
2024-04-24,-8.118532494625043,22.363342505374952,2.0533425053749497,6.860842505374951,0.0,33.70375
2024-04-25,4.889880409737698,16.90071374307103,25.388317909737694,0.0,0.0,45.62375
2024-04-26,0.6740669309375367,-5.422808069062464,-2.9018705690624635,1.9700044309375357,0.0,27.08375
2024-04-27,3.0043297874299775,-11.779107712570024,3.0043297874299775,1.3437047874299761,6.749954787429976,14.48125
2024-04-28,-8.12408237761474,-6.831894877614744,10.623938455718598,-8.785644877614743,0.0,30.895416666666666
2024-04-29,0.8305293684138633,3.796779368413862,0.8305293684138633,-1.9494706315861343,4.374904368413864,9.7459375
2024-04-30,-1.6381439230110537,3.9093560769889457,9.83206441032228,-0.3609564230110536,0.0,30.116666666666667
2024-05-01,4.988214292726379,8.78790179272638,-10.22616070727362,3.721651792726382,0.0,13.446249999999997
2024-05-02,3.335877567369675,-1.861205765963657,2.3329609007030108,-9.006518265963656,7.03504423403635,11.73708333333333
2024-05-03,-5.638202662989789,-1.4382026629897915,-5.638202662989789,-11.248202662989794,3.6924223370102105,8.810000000000004
2024-05-04,0.17872974531534425,-6.926582754684654,2.5740422453153435,0.17872974531534425,0.0,13.29125
2024-05-05,4.7015407934074975,7.60820746007416,8.551957460074162,-3.5168967065925028,0.0,14.401666666666666
2024-05-06,-2.9847933306857577,-0.9554183306857595,-3.9994808306857585,-6.271980830685763,3.0614566693142358,16.56875
2024-05-07,13.471199295359325,2.2657826286926603,13.471199295359325,0.8808867953593271,8.93703262869266,16.193749999999998
2024-05-08,3.740478479102052,13.573603479102053,3.740478479102052,13.573603479102053,1.752145145768722,16.0875
2024-05-09,3.430689205024372,-5.565560794975627,3.430689205024372,-10.654310794975629,0.0,14.98375
2024-05-10,6.246345362681975,6.246345362681975,6.246345362681975,6.246345362681975,8.131762029348643,12.535833333333334
2024-05-11,-3.622442257362561,9.269224409304107,-2.7378589240292293,-5.3916089240292315,6.616203575970774,12.618020833333336
2024-05-12,-0.9214016268127985,-1.9464016268128006,-0.9214016268127985,-8.038797460146135,0.0,13.452083333333334
2024-05-13,-3.312341174847324,-11.309841174847323,-3.13192450818066,1.4432838251526778,0.0,16.81625
2024-05-14,-5.614824936840037,-4.618574936840041,-5.614824936840037,8.184237563159968,0.0,18.567500000000003
2024-05-15,0.9856842949532982,17.8644342949533,-0.5680657050466991,-18.7405657050467,0.0,20.8375
2024-05-16,3.9853964307626253,0.2503964307626241,2.945396430762626,-1.673353569237376,7.101646430762628,14.8
2024-05-17,8.25303267782108,-11.462904822178917,9.35115767782108,10.15459517782108,0.0,20.208750000000002
2024-05-18,-4.554091197285846,8.06549213604749,-11.446591197285843,-11.446591197285843,0.0,15.69625
2024-05-19,9.190362330226815,1.6616123302268164,58.40036233022682,8.059424830226817,0.0,62.84875
2024-05-20,4.267341661553967,-11.640158338446035,14.211091661553967,0.0,0.0,18.8875
2024-05-21,-1.2256092420211466,-5.198109242021147,10.701890757978859,3.176890757978855,0.0,28.4075
2024-05-22,-12.703454690621802,16.4127953093782,16.4127953093782,16.4127953093782,0.0,33.45875
2024-05-23,41.49419559522145,63.619403928554775,57.59065392855478,57.59065392855478,0.0,69.61125
2024-05-24,9.21828553201686,-1.9135894679831384,-3.411089467983139,0.0,8.78130636535019,18.299999999999997
2024-05-25,8.101557365727725,-12.832817634272272,8.101557365727725,0.0,0.0,22.2425
2024-05-26,-3.5183950285505503,-7.6421450285505514,2.810875804782782,-1.63589502855055,0.0,25.715833333333336
2024-05-27,35.77369982404977,-25.555466842616894,31.3635956573831,0.0,0.0,48.55041666666666
2024-05-28,0.9535814537366747,8.559831453736683,5.808581453736682,0.0,6.955248120403345,17.062499999999993
2024-05-29,-7.301958300365101,-1.4763333003651038,-6.907270800365104,-2.6438333003651024,0.0,22.966249999999995
2024-05-30,-8.625526012726368,-10.133963512726373,-8.625526012726368,-6.67396351272637,-4.622401012726366,6.806250000000004
2024-05-31,-21.36175680673113,6.621993193268878,-7.238631806731128,-31.38550680673112,0.0,30.22666666666666
2024-06-01,20.093345748048062,34.28594991471473,25.51532491471473,20.093345748048062,0.0,43.19375
2024-06-02,-3.5892114257743373,2.102038574225663,-3.5892114257743373,0.0,0.7672469075589969,9.86375
2024-06-03,0.014380407007077878,3.743547073673742,7.043547073673743,-7.014786259659589,6.915422073673744,14.3975
2024-06-04,2.747660229221591,-3.446714770778412,0.22328522922159166,-2.096089770778409,0.0,18.384375
2024-06-05,82.49402072673217,84.09027072673217,82.49402072673217,83.18027072673218,0.0,90.78999999999999
2024-06-06,-4.571272626114194,-5.608355959447529,-4.571272626114194,0.0,-2.6789809594475287,8.703333333333337
2024-06-07,3.104873506006143,14.939561006006132,9.668311006006135,-9.326376493993862,0.0,23.129999999999995
2024-06-08,-4.961332578710088,-12.576124245376754,-3.262374245376755,-1.5634159120434212,0.0,21.03333333333333
2024-06-09,31.263130573333974,23.115630573333974,31.263130573333974,0.0,0.0,39.089999999999996
2024-06-10,-1.8333688078186867,1.4955895255146423,-0.3702438078186887,0.0,-2.1200354744853573,11.302916666666667
2024-06-11,6.619518226424638,6.150143226424639,3.401393226424638,14.07139322642464,0.0,29.19625
2024-06-12,34.22334968113808,35.37334968113808,34.22334968113808,0.0,0.0,42.338750000000005
2024-06-13,6.842662724109136,6.602662724109138,6.682662724109139,0.0,0.0,19.100000000000005
2024-06-14,-5.426409003679067,2.045674329654261,2.7381743296542638,0.0,6.792653496320929,16.515833333333333
2024-06-15,-0.0012011546532839645,-4.719951154653284,4.803486345346718,-0.0012011546532839645,5.959423845346716,13.687500000000002
2024-06-16,5.923418236496548,6.75383490316322,13.760084903163218,0.8017515698298787,0.0,31.724999999999994
2024-06-17,-0.7900723184495817,14.932427681550415,9.963677681550415,0.0,0.0,24.095
2024-06-18,10.12300149534972,5.662272328683052,11.119772328683053,10.12300149534972,8.75800149534972,16.574583333333337
2024-06-19,0.050167644092642405,-0.29170735590735575,1.6373551440926448,-7.799519855907354,6.773292644092647,14.1475
2024-06-20,-0.7271450972488704,-5.739228430582207,2.6300424027511298,8.540354902751128,8.107854902751122,20.67875
2024-06-21,-6.782677963858447,-4.136532130525115,-6.782677963858447,-3.727052963858444,0.8104470361415501,5.993750000000002
2024-06-22,-7.612812120789339,-7.426666287456005,-6.121666287456005,-7.733749620789334,5.9850003792106605,9.638749999999998
2024-06-23,-1.887045482443245,2.901287850890082,-3.0433996491099116,-11.196837149109916,3.023787850890086,9.377083333333335
2024-06-24,0.18785420293246347,-1.644437463734203,7.9584792029324625,0.0,4.775354202932462,10.63625
2024-06-25,-8.71534805740982,47.118089442590176,-8.71534805740982,-5.62159805740982,0.0,52.2
2024-06-26,-12.27645879657964,8.025103703420363,-2.9439587965796363,9.955103703420363,5.200103703420353,17.665000000000003
2024-06-27,-13.7413251721356,-2.219658505468937,-24.976325172135603,-11.040075172135602,6.147216494531065,22.777500000000003
2024-06-28,-5.34809128969539,-7.610903789695385,-5.334653789695391,-5.334653789695391,0.4562837103046107,9.532500000000002
2024-06-29,27.631776992360752,-6.838848007639253,27.880839492360753,-11.885098007639254,0.0,47.559999999999995
2024-06-30,9.60303458290214,11.164284582902138,6.122826249568806,0.0,7.587513749568803,19.65583333333333
2024-07-01,2.260428611704352,-10.008946388295648,4.316678611704351,4.526053611704352,0.0,26.2525
2024-07-02,13.057160404736717,13.057160404736717,13.057160404736717,-2.3174229285966135,6.196952071403384,18.918333333333333
2024-07-03,69.96920816094374,43.619208160943735,69.96920816094374,69.96920816094374,0.0,77.50875
2024-07-04,-7.469173817793383,-10.174382151126718,-17.444798817793387,0.0,0.0,19.802187500000002
2024-07-05,11.819189859108896,-5.718935140891087,2.9910648591088957,15.353981525775566,0.0,33.53125
2024-07-06,4.302469197462987,9.540177530796324,10.380073364129654,-14.77023913587034,0.0,26.991666666666667
2024-07-07,-13.929021138709928,-22.890271138709927,-6.488291972043257,0.0,0.0,28.76291666666667
2024-07-08,-11.027523436879484,-13.155960936879481,-5.420335936879482,0.0,0.0,92.15625
2024-07-09,70.04398999135532,67.09117749135532,68.82430249135533,0.0,0.0,80.05614583333332
2024-07-10,0.4482132624234545,-3.6817867375765445,0.4482132624234545,0.0,0.9484215957567876,12.954166666666666
2024-07-11,-5.231075034332136,-13.00847086766547,-5.231075034332136,0.0,3.078716632334533,21.65291666666667
2024-07-12,-9.055198550325276,-4.326448550325274,3.9335514496747237,0.0,0.0,52.31999999999999
2024-07-13,23.59457493373722,6.64238743373723,23.59457493373722,0.0,0.0,37.18625
2024-07-14,0.43102847268522027,-15.206367360648112,1.5490493060185528,0.0,-3.242721527314778,11.283333333333333
2024-07-15,8.576246739968731,10.9954134066354,16.889163406635397,0.0,0.0,25.601666666666667
2024-07-16,18.597032718475127,13.692241051808452,18.597032718475127,0.0,0.0,32.42333333333333
2024-07-17,3.646704341868631,-0.03506649146469698,3.372433508535302,0.0,0.0,39.745625
2024-07-18,-13.935511902741478,11.896258930591863,8.420738097258528,0.0,0.0,50.54124999999999
2024-07-19,-17.294936625260316,0.8625633747396861,-7.992436625260318,0.0,0.0,9.7775
2024-07-20,185.06730771180963,2.1918910451429703,140.37970354514295,-8.59310895485703,0.0,197.20666666666665
2024-07-21,53.48164175000953,53.48164175000953,53.48164175000953,0.0,0.0,69.30416666666666
2024-07-22,-61.180576111216915,21.451298888783093,-143.8124511112169,0.0,0.0,166.2734375
2024-07-23,-14.30964166352747,-16.595683330194134,-17.222766663527466,0.0,-4.222454163527459,14.995625
2024-07-24,18.257097700929705,-23.76477729907029,134.7517852009297,0.0,0.0,172.89124999999999
2024-07-25,4.7105148517149615,-28.993235148285038,1.559264851714957,0.0,0.0,32.69125
2024-07-26,-12.200290319887564,-16.699040319887573,-4.12404031988757,0.0,0.0,224.37375
2024-07-27,-19.108494893782158,-11.030994893782164,-21.80099489378216,0.0,0.0,15.174999999999997
2024-07-28,-9.684981085442592,-36.00248108544259,-9.930606085442593,0.0,0.0,111.17
2024-07-29,-4.2496097671569935,-32.71085976715699,-1.0083597671569926,0.0,0.0,41.79333333333334
2024-07-30,517.4458132743948,-39.741374225605156,515.1586257743949,0.0,0.0,740.4983333333332
2024-07-31,-46.39248616029495,-66.09373616029495,-46.39248616029495,0.0,0.0,18.70125
2024-08-01,-36.676070676275785,-36.676070676275785,-36.156070676275775,0.0,0.0,42.82875
2024-08-02,-50.18479115394099,-56.133541153940996,-48.201874487274324,0.0,0.0,34.36562500000001
2024-08-03,-58.22188730249617,-46.72251230249617,-59.67844980249617,0.0,0.0,472.32968750000003
2024-08-04,-64.03687102987132,-64.03687102987132,-64.03687102987132,0.0,0.0,73.31291666666667
2024-08-05,89.67226317769693,89.67226317769693,89.67226317769693,0.0,0.0,154.29666666666668
2024-08-06,-44.78544027591322,-43.35502360924656,-44.71221110924655,0.0,0.0,34.533750000000005
2024-08-07,-21.40191587542591,11.633709124574096,-33.1962908754259,0.0,0.0,50.38624999999999
2024-08-08,-37.972430233475876,-38.02618023347588,104.18173643319079,0.0,0.0,141.79666666666668
2024-08-09,-14.333588079871426,-32.577338079871424,-13.470463079871422,0.0,0.0,34.116249999999994
2024-08-10,-34.15920139240666,-30.724826392406655,-32.22440972573999,0.0,0.0,28.5725
2024-08-11,-71.51689742096268,-15.951480754296004,-92.54564742096268,0.0,0.0,77.00625
2024-08-12,-19.953625218743277,15.786791447923399,-3.6985210520766074,0.0,0.0,176.13500000000002
2024-08-13,-9.732305944937657,-14.102930944937661,-6.4691809449376585,0.0,0.0,50.89125
2024-08-14,3.3324886506580214,-12.936261349341974,3.3324886506580214,0.0,0.0,34.94499999999999
2024-08-15,36.90568186450642,192.57286936450643,-14.983380635493582,0.0,0.0,212.215
2024-08-16,-17.684137331084962,-39.83601233108495,-10.923095664418298,0.0,0.0,61.574999999999996
2024-08-17,-24.879555672101652,-26.44205567210165,-20.158305672101655,0.0,0.0,333.77270833333336
2024-08-18,52.16453131118972,-27.956302022143596,52.16453131118972,0.0,0.0,87.29333333333332
2024-08-19,-24.94725815452884,82.38440851213782,-24.94725815452884,0.0,0.0,113.1
2024-08-20,-24.291709727454446,-20.354522227454446,-25.39702222745445,0.0,0.0,21.029999999999998
2024-08-21,-25.83815288755102,-27.697319554217685,66.80611794578232,0.0,0.0,377.66875
2024-08-22,-1.785099519401932,-20.21634951940193,-1.785099519401932,0.0,0.0,36.511250000000004
2024-08-23,-19.739705783277007,-17.871164116610334,-27.374914116610338,0.0,0.0,25.18666666666666
2024-08-24,-11.535367650878065,-23.079430150878068,-21.8277634842114,0.0,0.0,21.94375
2024-08-25,-20.41892300148076,-26.130589668147426,-14.594548001480764,0.0,0.0,88.23249999999999
2024-08-26,-23.48172565660594,-15.325788156605938,-18.655163156605937,0.0,0.0,39.769999999999996
2024-08-27,10.914067465228662,-21.023849201438008,10.914067465228662,0.0,0.0,39.46166666666667
2024-08-28,19.03692385493264,-13.26963864506736,29.805778021599295,0.0,0.0,54.25760416666666
2024-08-29,-6.202705233100627,-3.2252052331006276,-6.202705233100627,0.0,4.715419766899366,14.895937499999995
2024-08-30,2.2396829207561915,1.2186412540895262,2.750203754089526,0.4913495874228566,0.0,21.156249999999996
2024-08-31,14.764676596870103,-3.643448403129895,16.996968263536772,-9.462198403129896,0.0,34.3925
2024-09-01,14.658165974186605,-8.597250692480053,12.123165974186602,0.0,0.0,29.891666666666662
2024-09-02,-0.42837156111709973,8.210795105549575,-13.367121561117099,0.0,0.0,21.546666666666674
2024-09-03,-12.423565372896839,12.601851293769823,-1.3979403728968371,2.7668512937698253,0.0,18.601666666666667
2024-09-04,14.686466694631793,9.280008361298457,14.686466694631793,19.448133361298456,0.0,24.611666666666665
2024-09-05,8.11251091900153,-10.89123908099847,5.094490085668191,5.094490085668191,0.0,21.703750000000007
2024-09-06,7.604523356740547,7.913065023407217,6.678898356740543,7.913065023407217,0.0,15.110000000000003
2024-09-07,2.4207107719595022,-0.0846017280405107,3.56373160529283,8.265606605292831,0.0,14.267499999999998
2024-09-08,9.625426753336676,-7.037906579996658,9.625426753336676,9.625426753336676,0.0,13.39875
2024-09-09,6.446831978169932,-12.154001355163398,8.2422486448366,10.037665311503265,0.0,14.987499999999997
2024-09-10,6.472016229183353,0.30909956251669257,8.114516229183355,8.114516229183355,0.0,17.53
2024-09-11,9.938965989613735,8.947299322947071,9.69104932294707,9.938965989613735,0.0,13.104999999999997
2024-09-12,13.488874576122509,5.753041242789177,11.066582909455843,11.066582909455843,8.88960374278918,21.28666666666666
2024-09-13,26.005628866049,-10.074996133950997,26.005628866049,26.005628866049,0.0,33.12166666666667
2024-09-14,47.479381982667526,3.6300069826675188,20.163965316000848,61.13709031600086,0.0,65.23333333333335
2024-09-15,23.294288252119568,4.928350752119574,29.416267418786237,29.416267418786237,0.0,34.72666666666666
2024-09-16,16.391050041365567,-5.6668666253011,16.391050041365567,16.391050041365567,0.0,26.72416666666667
2024-09-17,38.126789711526406,-3.161126955140258,36.3649147115264,38.126789711526406,0.0,44.25666666666667
2024-09-18,11.49186993760937,-2.036880062390633,11.49186993760937,11.49186993760937,0.0,52.322500000000005
2024-09-19,23.48658915076043,5.389505817427086,14.438047484093754,23.48658915076043,0.0,30.708750000000006
2024-09-20,8.90723641077809,3.2930697441114205,8.90723641077809,8.90723641077809,0.0,16.112500000000004
2024-09-21,6.425994750680818,8.985473917347491,20.701307250680827,20.701307250680827,0.0,27.3175
2024-09-22,4.037184704052265,3.8042680373855973,4.270101370718926,4.270101370718926,0.0,12.92625
2024-09-23,-4.303232843859252,-4.777087010525911,-5.9322953438592485,-4.366670343859251,-1.494066177192586,7.445833333333336
2024-09-24,-6.811850320970464,-6.811850320970464,-6.811850320970464,-6.811850320970464,-3.9389336543037956,3.075000000000003
2024-09-25,9.401161637056333,2.619911637056333,7.328661637056332,0.11366163705633525,0.0,15.861666666666668
2024-09-26,0.5032181339047135,-0.2726151994286212,0.5032181339047135,0.5032181339047135,3.0947806339047155,7.702500000000001
2024-09-27,-3.748415571649179,-1.084040571649183,-3.934040571649181,-3.934040571649181,0.0,8.361250000000002
2024-09-28,3.31873925115676,-5.213760748843239,2.5133225844900906,-3.961469082176574,0.0,8.2725
2024-09-29,4.147541375597672,-7.174958624402329,3.5091038755976705,-0.46433362440232884,0.0,11.19125
2024-09-30,-1.541049167021253,22.616034166312073,5.371034166312079,-4.3372991670212535,0.0,29.18458333333333
2024-10-01,14.972475278708085,-8.65335805462524,15.235287778708084,14.972475278708085,0.0,18.70677083333333
2024-10-02,10.670368135605745,10.670368135605745,9.144638968939077,10.670368135605745,0.0,19.582083333333333
2024-10-03,7.553303764686319,0.31163709801964856,7.553303764686319,15.830803764686312,0.0,19.061666666666657
2024-10-04,11.87066025898877,9.62253525898878,10.625035258988774,10.625035258988774,0.0,19.042499999999997
2024-10-05,3.6178513300826616,0.9645179967493327,3.387017996749332,3.73326799674933,0.0,13.151249999999997
2024-10-06,9.917507700856717,10.604382700856718,9.917507700856717,10.009382700856715,0.0,14.342500000000001
2024-10-07,11.20964860477347,13.52121110477347,17.230690271440146,14.220169438106801,0.0,25.184583333333332
2024-10-08,14.662760506163792,12.905573006163792,12.528698006163786,14.662760506163792,0.0,19.255000000000006
2024-10-09,9.80432509768709,3.217450097687088,8.56995009768709,12.294950097687089,0.0,16.109999999999996
2024-10-10,9.857427231234709,10.69273973123471,10.82586473123471,10.82586473123471,0.0,14.977500000000001
2024-10-11,13.52076186586536,18.609928532532024,13.52076186586536,18.851178532532025,0.0,22.598750000000003
2024-10-12,20.36634908958242,-2.2556300770842483,19.720828256249085,17.417182422915747,0.0,24.863749999999996
2024-10-13,15.508605474064353,-0.5795195259356447,14.887355474064355,10.051730474064355,0.0,20.071250000000003
2024-10-14,11.981278035010963,5.090028035010963,8.082944701677626,2.1808613683442886,0.0,15.69166666666667
2024-10-15,17.250799273169847,7.149549273169846,17.250799273169847,15.976215939836514,0.0,24.50625
2024-10-16,25.257696400618133,25.257696400618133,25.257696400618133,19.066863067284796,0.0,30.23
2024-10-17,16.73093600624216,13.812186006242156,17.703852672908823,17.703852672908823,0.0,22.330000000000002
2024-10-18,23.006442373752144,12.438525707085475,23.006442373752144,23.163838207085476,0.0,27.401250000000005
2024-10-19,19.264087848189227,20.560337848189228,25.267004514855895,20.560337848189228,0.0,29.011666666666667
2024-10-20,26.30919811843693,9.072114785103599,26.30919811843693,26.30919811843693,0.0,32.65125
2024-10-21,17.47165549763622,16.574051330969553,16.574051330969553,22.224467997636218,0.0,26.578750000000003
2024-10-22,16.9832189356217,12.141656435621696,17.393635602288363,16.9832189356217,0.0,22.93
2024-10-23,6.259508704074886,1.849508704074882,17.46492537074155,12.695967037408217,0.0,21.776666666666667
2024-10-24,124.65422677399482,-1.6648357260051334,163.9443309406615,124.65422677399482,0.0,173.10666666666665
2024-10-25,47.67668795018767,4.483771283521005,26.08022961685434,0.0,0.0,61.29166666666666
2024-10-26,3.299235775070713,9.18548577507071,9.18548577507071,0.0,0.0,23.598749999999995
2024-10-27,-5.337835337639866,-20.037418670973203,15.454664662360127,0.0,0.0,34.49208333333333
2024-10-28,266.9485326443674,-6.949175688965957,266.9485326443674,0.0,0.0,293.7683333333333
2024-10-29,122.11862563359689,-11.493874366403091,109.1067506335969,0.0,0.0,148.92
2024-10-30,7.435193301613445,15.127068301613441,15.127068301613441,0.0,0.0,42.505
2024-10-31,-27.910710915026726,-19.501023415026722,-19.501023415026722,0.0,0.0,11.553749999999997
2024-11-01,-23.40586912253223,-16.621806622532233,-19.103785789198895,0.0,0.0,93.98125
2024-11-02,5.833507249372438,-22.35545108396089,5.833507249372438,0.0,0.0,43.00125
2024-11-03,-30.105273620266637,-22.449606953599968,-29.137044453599962,0.0,0.0,22.422500000000003
2024-11-04,-5.819853427183908,-10.491103427183901,-11.444020093850568,0.0,0.0,17.177499999999995
2024-11-05,4.6541656413997785,13.200623974733109,17.761144808066444,0.0,0.0,30.47166666666667
2024-11-06,43.37562386029951,43.37562386029951,49.76614469363284,0.0,0.0,64.06833333333333
2024-11-07,58.14053636399133,9.58616136399132,47.60032803065799,0.0,0.0,70.00666666666667
2024-11-08,20.167664250527352,4.9641225838606715,27.769435083860678,0.0,0.0,40.138333333333335
2024-11-09,59.69553846434138,6.426788464341371,59.69553846434138,0.0,0.0,79.34708333333334
2024-11-10,117.19085927523898,-14.216640724761017,117.19085927523898,0.0,0.0,175.58333333333331
2024-11-11,135.86480599972964,-27.064256500270368,131.3657434997296,0.0,0.0,210.67249999999999
2024-11-12,16.125444137103315,22.49138163710331,15.20888163710331,0.0,0.0,43.835
2024-11-13,23.07087905121108,23.07087905121108,7.090879051211079,0.0,0.0,45.09
2024-11-14,16.603386876614266,-21.53286312338573,-21.53286312338573,0.0,0.0,61.16374999999999
2024-11-15,28.791704921647092,0.7873299216470997,42.6773299216471,0.0,0.0,77.5225
2024-11-16,-1.9249207873443837,-7.036483287344382,-1.9249207873443837,0.0,0.0,32.07666666666667
2024-11-17,-6.579964524562307,1.5073271421043657,-4.492464524562301,0.0,0.0,20.84666666666667
2024-11-18,0.8050502705035036,1.0054669371701692,8.891300270503505,0.0,0.0,24.796666666666667
2024-11-19,6.189468475851779,8.86040597585178,5.831655975851781,0.0,0.0,16.685
2024-11-20,2.0580327832361505,4.009907783236152,5.702407783236151,5.702407783236151,0.0,13.5775
2024-11-21,-0.18799826223275318,-2.8834149288994197,-0.18799826223275318,-5.2296649288994175,0.0,12.411666666666662
2024-11-22,13.471773497721177,-17.831143168945488,13.471773497721177,-5.940726502278821,0.0,18.569166666666668
2024-11-23,6.423797814285756,9.785047814285756,6.366297814285758,6.366297814285758,2.775047814285756,13.02
2024-11-24,21.609275319331733,21.609275319331733,21.609275319331733,20.857608652665068,0.0,24.788333333333334
2024-11-25,3.789104218874222,10.139729218874221,-2.561520781125779,10.139729218874221,3.3383750522075566,13.131666666666666
2024-11-26,-6.656653505961227,-4.8256118392945595,-6.656653505961227,-4.8256118392945595,2.9624089940387783,12.540000000000003
2024-11-27,12.014773217925871,12.762898217925873,10.849460717925872,0.0,0.0,31.629999999999995
2024-11-28,1.058057240609692,2.0968072406096887,1.5774322406096886,1.058057240609692,2.7284739072763564,8.982083333333332
2024-11-29,-0.014343221931557792,2.040656778068442,-0.014343221931557792,-18.51809322193156,0.0,21.73125
2024-11-30,-2.9186506624249766,-0.9521923290916412,-6.910525662424977,0.0,7.0324951709083585,13.84
2024-12-01,-5.635199636402994,-10.082907969736329,-8.724782969736331,-16.262074636402996,0.0,17.583749999999995
2024-12-02,7.44165593378241,-2.7020940662175867,6.189989267115745,0.0,0.0,13.989166666666666
2024-12-03,1.5151425788189243,0.528892578818926,3.2942050788189263,14.55160091215226,0.0,23.862708333333334
2024-12-04,10.865949859397645,19.153449859397643,14.73584569273098,0.20761652606430658,0.0,30.017083333333332
2024-12-05,0.8872430672404299,3.7447430672404316,0.8872430672404299,0.8872430672404299,5.50411806724043,12.224583333333335
2024-12-06,4.154287528842239,8.605225028842241,7.796475028842245,8.456475028842242,8.56710002884224,15.944999999999997
2024-12-07,15.38295032620126,12.756700326201258,14.54388782620126,10.56295032620126,0.0,26.92
2024-12-08,9.669378976582923,2.705628976582936,10.3222956432496,-1.7162460234170673,0.0,17.69479166666667
2024-12-09,-4.603972250002521,2.94644441666415,1.845819416664149,-1.9700139166691883,4.232486083330812,13.140833333333333
2024-12-10,1.7054613495810251,3.7336905162476874,3.1833780162476906,3.1833780162476906,5.414419682914357,13.300833333333333
2024-12-11,29.56876805656009,25.38126805656009,29.56876805656009,19.960018056560088,0.0,33.698750000000004
2024-12-12,4.114246579555115,4.114246579555115,4.114246579555115,0.0,0.0,19.080000000000002
2024-12-13,7.013062022044046,-17.12381297795595,0.842853688710715,3.6503536887107124,2.509728688710716,21.457500000000003
2024-12-14,-4.013084990944783,3.970977509055217,-1.8152724909447855,6.770977509055214,4.659102509055224,10.875
2024-12-15,-4.199265520997997,1.0255261456686675,-4.199265520997997,6.076984479002007,0.0,13.704166666666666
2024-12-16,10.882926615993746,7.33469744932707,4.768864115993743,6.583030782660412,4.825114115993749,16.643333333333324
2024-12-17,-1.3537031537450588,14.965463512921609,-5.31703648707839,6.572963512921611,0.0,22.309583333333336
2024-12-18,14.913503640658611,8.49621197399194,14.913503640658611,7.831732807325274,0.0,27.0925
2024-12-19,14.661039791551111,-3.8623977084488885,12.87374812488445,2.0772897915511095,0.0,22.487499999999997
2024-12-20,-3.4110278759647983,13.747930457368536,7.947826290701865,7.0792846240352,0.0,20.421250000000008
2024-12-21,7.167006612181801,28.813569112181803,8.5738816121818,12.562631612181804,0.0,38.44125
2024-12-22,18.83758912451424,22.124151624514237,13.509776624514242,-5.6983483754857644,0.0,32.095
2024-12-23,14.162995707154547,34.35424570715454,17.872579040487874,34.35424570715454,0.0,39.423333333333325
2024-12-24,5.58547703940328,10.462143706069948,11.437143706069946,12.977977039403278,0.0,29.40375
2024-12-25,93.49714946957127,90.16339946957127,75.86652446957126,75.86652446957126,0.0,102.8675
2024-12-26,14.474092249633678,30.55971724963368,16.88252974963368,0.0,0.0,39.993750000000006
2024-12-27,4.1983121704379975,5.624562170437997,3.902062170437997,0.0,0.0,17.091249999999995
2024-12-28,25.76396447007738,19.229589470077368,20.610839470077376,0.0,0.0,42.11000000000001
2024-12-29,-3.8224491359142085,135.2329675307525,69.98963419741914,0.0,0.0,146.3179166666667
2024-12-30,8.367618595386364,26.25251442871969,12.502931095386362,0.0,0.0,39.721666666666664
2024-12-31,33.38217977494703,35.48332560828037,9.128950608280373,0.0,0.0,57.47125
2025-01-01,14.253742886829116,9.540097053495785,14.253742886829116,0.0,0.0,34.3175
2025-01-02,-1.8669245936524064,2.2740129063475862,-6.393591260319077,0.0,0.0,32.857499999999995
2025-01-03,-14.578836734365325,-7.797899234365332,-14.578836734365325,0.0,-0.1950867343653293,16.447916666666668
2025-01-04,-1.4316637179238896,33.81489878207611,6.639273782076113,0.0,0.0,45.99999999999999
2025-01-05,32.66621530664442,17.43361113997775,3.394861139977749,0.0,0.0,49.538333333333334
2025-01-06,-2.9962631836681375,-0.23115901700147035,-2.9962631836681375,0.0,0.0,25.857499999999998
2025-01-07,-12.643997088200866,-17.52774708820086,0.738502911799138,0.0,0.0,24.12625
2025-01-08,23.25979879667051,-31.233326203329494,21.45792379667051,0.0,0.0,32.07875
2025-01-09,-2.1357638418961074,-9.825347175229435,-6.665138841896098,0.0,0.0,40.78
2025-01-10,29.558679444042156,-12.285695555957844,-1.9694455559578437,0.0,0.0,54.79249999999999
2025-01-11,-2.134651339781474,-5.473609673114808,-0.4063180064481422,0.0,0.5309736602185247,9.749166666666671
2025-01-12,28.05954328370889,-9.124935882957782,28.26235578370889,-5.067435882957785,0.0,75.7125
2025-01-13,32.501171108010766,-53.213412225322564,32.501171108010766,0.0,0.0,44.616249999999994
2025-01-14,16.55692616993222,-17.218073830067784,10.660988669932216,0.0,0.0,39.31458333333333
2025-01-15,-8.963333584177903,-5.971146084177903,-11.215833584177902,0.0,7.607291415822097,21.697499999999998
2025-01-16,10.557481552634162,-17.32283094736584,-18.145018447365842,0.0,0.0,39.91666666666667
2025-01-17,8.84783966571382,-17.39966033428618,16.401902165713818,0.0,0.0,29.54
2025-01-18,-11.548529066394686,-11.548529066394686,-11.548529066394686,0.0,0.0,48.72375
2025-01-19,-1.9956110248682428,-17.061861024868247,5.203138975131754,0.0,0.0,23.145000000000003
2025-01-20,-14.492075003506248,-10.480616670172918,-11.288116670172919,0.0,0.0,34.838750000000005
2025-01-21,18.358609048613566,0.9138173819468989,2.4992340486135696,0.0,0.0,36.515
2025-01-22,-5.179671675149066,-5.179671675149066,-8.57404667514907,0.0,0.0,26.692604166666666
2025-01-23,-1.4212111171471484,-1.4212111171471484,-1.9399611171471491,0.0,0.0,15.411249999999999
2025-01-24,3.109249472940977,-21.698458860392353,13.52112447294098,0.34612447294098203,0.0,38.11
2025-01-25,4.846847438529213,3.4543474385292043,35.933722438529216,28.48934743852921,0.0,50.68375
2025-01-26,3.9531495439866546,-4.276850456013349,1.942837043986657,0.0,0.0,17.555
2025-01-27,8.571394415475723,0.30264441547571863,5.513477748809052,-10.743605584524275,0.0,21.774375
2025-01-28,0.5917792543702554,10.386154254370249,0.5917792543702554,0.5917792543702554,0.0,45.182500000000005
2025-01-29,-7.534616085213198,-9.548053585213193,9.672050581453465,0.0,0.0,27.04
2025-01-30,-0.06802333518847803,-7.8917733351884785,0.6185391648115193,0.0,0.0,7.589999999999996
2025-01-31,-17.4553746034929,7.021500396507104,5.991083729840426,-1.6016246034929011,0.0,24.46125
2025-02-01,-2.3326777434639894,-0.9945527434639914,-0.12330274346398795,-10.09330274346399,0.0,23.409374999999997
2025-02-02,-8.776846564059383,-4.1432007307260506,-0.5566382307260476,-19.58903406405938,0.0,35.84749999999999
2025-02-03,-3.3763172269624206,10.583891106370906,14.740766106370906,15.695766106370911,0.0,34.0175
2025-02-04,17.7935416212439,13.734791621243904,17.7935416212439,17.7935416212439,0.0,22.1275
2025-02-05,1.8306913485452654,6.323191348545272,-0.9177461514547325,1.288191348545265,0.0,19.05
2025-02-06,-14.246555317950545,-11.393326151283876,-4.06415948461721,13.03209051538279,9.954798848716127,22.59916666666667
2025-02-07,-11.971651385285128,-1.3779013852851243,-1.3779013852851243,-1.3779013852851243,9.773348614714873,19.235833333333332
2025-02-08,8.2845322819004,22.500157281900403,13.424532281900394,8.2845322819004,0.0,37.845
2025-02-09,-0.25335371995163314,-11.264187053284964,-3.941895386618299,0.0,0.0,19.031666666666666
2025-02-10,-10.287036385706699,-6.6604738857067005,6.486088614293305,3.6129636142933066,0.0,26.03125
2025-02-11,9.527677312353703,4.785177312353699,17.6070523123537,9.527677312353703,0.0,22.536250000000003
2025-02-12,7.439340308909138,5.852569475575795,8.962673642242468,7.439340308909138,0.0,14.80458333333334
2025-02-13,-8.338338931814892,2.4295777348517724,-1.4287555984815619,-4.800838931814894,3.4193694015184377,10.324999999999996
2025-02-14,16.09725466741108,9.022671334077742,8.040171334077748,0.0,0.0,20.128749999999997
2025-02-15,5.606640519064806,12.838098852398137,1.8863280190648055,28.706015519064813,0.0,32.57625000000001
2025-02-16,5.69883291014926,6.545499576815928,5.69883291014926,5.69883291014926,0.0,20.50666666666667
2025-02-17,3.157964124225291,3.705464124225287,9.719214124225289,3.2054641242252906,0.0,17.97625
2025-02-18,12.496088362335534,10.425255029002194,0.06452586233552893,12.496088362335534,0.0,21.501250000000006
2025-02-19,17.968007210253994,-1.246367789746003,17.968007210253994,0.0,0.0,29.115000000000002
2025-02-20,16.47978711521436,2.942287115214363,8.129787115214363,0.0,0.0,77.82499999999999
2025-02-21,34.450735918683336,0.34323591868334447,25.59698591868334,0.0,0.0,40.28874999999999
2025-02-22,25.62034672560263,9.08597172560263,-5.1959032743973665,0.0,0.0,36.894999999999996
2025-02-23,37.43652191702003,42.69527191702004,37.43652191702003,0.0,0.0,51.669583333333335
2025-02-24,17.665536326083352,16.797411326083356,9.757827992750027,0.0,0.0,29.072499999999994
2025-02-25,4.443096675635971,7.42059667563597,11.793513342302631,0.0,0.0,19.841875
2025-02-26,-4.102865193500243,16.64067647316643,-4.9822401935002425,0.0,0.0,29.208750000000002
2025-02-27,1.0993567782798692,-7.79168488838679,-9.219184888386792,5.942065111613207,0.0,35.75
2025-02-28,-10.236046507539143,0.5222868257941897,-2.4743798408724764,0.0,0.0,9.096249999999994
2025-03-01,-4.233595544045286,-0.8785955440452966,-0.5573455440452868,-10.099012210711955,0.0,12.136249999999997
2025-03-02,0.20437871325854928,7.878545379925221,3.4511495465918856,0.0,0.0,21.928333333333335
2025-03-03,-3.966267762218475,-0.6643927622184727,-2.933142762218477,-2.933142762218477,0.0,18.71875
2025-03-04,-6.361999720758693,5.718416945907979,-13.76429138742536,-13.48283305409202,0.0,27.46583333333334
2025-03-05,-0.9501739848787949,-6.950173984878791,-0.9501739848787949,-0.9501739848787949,0.0,14.674687499999997
2025-03-06,-6.422080518662302,15.492086148004365,-6.422080518662302,-2.9487471853289726,0.0,18.9
2025-03-07,10.772406587223994,-4.126343412776006,0.8109482538906612,10.772406587223994,0.0,15.675
2025-03-08,-6.422291553918253,-11.138229053918263,-6.422291553918253,-1.0491665539182549,0.0,23.62375
2025-03-09,0.8731093328284381,-4.61751566717156,3.0377968328284375,1.4477968328284376,0.0,13.526249999999997
2025-03-10,-7.7359215438407105,-2.5959215438407064,-27.649046543840704,-10.938421543840697,0.0,34.86125
2025-03-11,0.41989718732889614,-10.508227812671098,-0.21322781267110358,-15.602602812671103,0.0,21.95125
2025-03-12,13.121712113380717,-6.711100386619286,1.1733787800473863,14.867128780047384,0.0,28.032187499999996
2025-03-13,-0.7278717146384999,-4.870059214638502,0.7211907853614967,3.390565785361499,0.0,30.455
2025-03-14,17.8846312003237,6.782339533657037,17.8846312003237,18.852443700323704,0.0,33.017500000000005
2025-03-15,8.239272638504644,-9.949164861495351,8.239272638504644,8.239272638504644,0.0,12.541250000000002
2025-03-16,-28.427595918052173,-3.110408418052174,-28.427595918052173,-28.427595918052173,0.0,28.45333333333333
2025-03-17,-4.6010973906198736,-5.068180723953205,-5.229430723953204,-10.754430723953202,0.0,63.99875
2025-03-18,18.730093092102035,32.95884309210203,7.321343092102033,0.0,0.0,38.582499999999996
2025-03-19,15.008790168067069,3.9928526680670693,-4.216834831932925,0.0,0.0,26.501666666666665
2025-03-20,-19.43772421486311,-4.401474214863111,-7.67209921486311,0.0,0.0,18.067499999999995
2025-03-21,98.08868564842359,198.10410231509024,90.12493564842359,0.0,0.0,222.9425
2025-03-22,27.90233473337966,27.90233473337966,27.90233473337966,0.0,0.0,53.66624999999999
2025-03-23,-6.610395007274356,-27.13570750727435,-6.610395007274356,0.0,0.0,31.21125
2025-03-24,-14.616742461277461,-11.588409127944125,-15.423409127944126,0.0,0.0,13.088854166666671
2025-03-25,119.15533682972281,-13.718204836943869,188.74304516305617,0.0,0.0,277.74333333333334
2025-03-26,40.43206732378305,49.014879823783055,18.713213157116392,0.0,0.0,76.82416666666667
2025-03-27,-1.7785781496919313,-34.757640649691936,-14.421598983025271,0.0,0.0,30.516666666666666
2025-03-28,-25.10399981575763,-15.611812315757632,-27.49139564909096,0.0,0.0,12.868125
2025-03-29,-7.453135665715159,-5.943760665715153,-9.197510665715143,0.0,0.0,66.73625
2025-03-30,-6.825330771678473,-17.416580771678476,-11.518664105011808,0.0,0.0,34.8975
2025-03-31,-13.613834140274184,-28.413417473607517,-16.178000806940844,0.0,0.0,17.81625
2025-04-01,-33.374505191726996,-12.612005191726993,-18.791692691726993,0.0,0.0,22.712500000000006
2025-04-02,1.907257768278125,12.89767443494479,9.562257768278123,0.0,0.0,25.85
2025-04-03,-37.4354557960153,-13.140768296015288,5.691731703984715,0.0,0.0,29.724687500000005
2025-04-04,17.883610639684363,11.026110639684362,-4.715764360315635,0.0,0.0,40.59375
2025-04-05,-9.926320891912091,-12.219758391912094,1.3899291080879124,0.0,0.0,22.259999999999994
2025-04-06,-14.570901457289352,8.82534854271065,-10.455484790622688,0.0,0.0,17.028750000000002
2025-04-07,-3.268918046881005,-0.9701680468809997,-4.384855546881003,-4.035168046881001,0.0,25.02125
2025-04-08,16.090998895475295,-22.946501104524707,-1.1552511045247158,0.0,0.0,54.36
2025-04-09,3.208911919755117,9.002661919755115,9.002245253088446,0.0,0.0,32.306666666666665
2025-04-10,-4.86630596802307,6.979631531976935,-13.337555968023075,0.0,0.0,17.4078125
2025-04-11,1.3132131588557847,12.381963158855779,8.133838158855784,0.0,0.0,24.217499999999998
2025-04-12,-15.13009931866523,-7.475099318665222,-7.475099318665222,0.0,0.0,59.91833333333334
2025-04-13,6.650254307940612,-9.889954025392719,10.550358474607277,0.0,0.0,20.711666666666666
2025-04-14,7.987053607925095,-11.825446392074907,19.05872027459176,0.0,0.0,25.261666666666667
2025-04-15,2.6194093049644103,8.091284304964407,5.776909304964406,0.0,0.0,20.79875
2025-04-16,-14.467942617963697,-14.467942617963697,-14.467942617963697,0.0,0.0,33.765625
2025-04-17,-11.48310787298103,-5.544670372981031,3.0533504603522985,0.0,1.0453296270189654,15.161249999999995
2025-04-18,23.1882378634481,11.849487863448104,23.1882378634481,0.0,0.0,28.843749999999993
2025-04-19,4.610524133799043,6.835107467132371,-7.690309199534294,0.0,0.0,19.361666666666665
2025-04-20,-4.411800043107089,5.404449956892904,-1.708675043107089,-4.411800043107089,0.0,15.151250000000001
2025-04-21,-9.086567232892111,-12.84760889955879,-6.34271306622545,-21.344900566225455,4.610724433774557,21.897500000000004
2025-04-22,4.3905525373530345,-8.841114129313642,25.139615037353035,-8.10861412931363,0.0,39.74666666666667
2025-04-23,-21.365559473021904,-0.4381636396885682,-21.365559473021904,0.0,0.0,14.878333333333334
2025-04-24,-0.27909669972155626,-8.238263366388217,-5.238263366388217,-4.662013366388216,0.0,10.17458333333333
2025-04-25,-12.623826300391027,-2.2613263003910262,-24.738826300391025,-17.010076300391024,13.722111199608975,21.762500000000003
2025-04-26,3.26281416702691,4.5750016670269105,3.5259391670269125,-5.894060832973089,0.0,9.050000000000004
2025-04-27,-5.279952960951697,-4.3387029609517,-12.117765460951698,-0.8374529609517047,6.271297039048299,12.5546875
2025-04-28,12.587631337649457,-22.52705616235054,9.280443837649452,-11.406431162350543,0.0,17.291249999999998
2025-04-29,-20.41396330773876,-9.806463307738763,-5.507088307738762,-6.940213307738766,14.701974192261243,22.28875
2025-04-30,-9.890288113150145,-8.745704779816823,1.767107720183187,-7.7387256131501445,0.0,22.006666666666668
2025-05-01,-10.124956724263392,-13.20131089093006,-7.048602557596727,-12.586206724263391,17.54660577573661,30.921250000000004
2025-05-02,-1.9400383455140258,-4.650455012180693,-5.5817050121806915,-5.5817050121806915,0.0,10.83625
2025-05-03,-10.63976638303567,8.135233616964328,13.784608616964329,1.7139836169643274,0.0,25.265
2025-05-04,-6.813274347426525,-10.732336847426524,-1.6202535140931893,-6.813274347426525,0.0,15.074583333333333
2025-05-05,9.83553715752939,-0.6532128424706087,13.140537157529394,9.83553715752939,0.0,20.142083333333332
2025-05-06,16.636847291064733,1.7070556243980697,7.191638957731399,22.080493124398064,0.0,35.85875
2025-05-07,6.084752352241022,11.004127352241017,4.444960685574355,4.444960685574355,0.0,25.08374999999999
2025-05-08,-8.30131346848135,1.0281656981853118,-9.118605135148016,-9.118605135148016,5.429103198185313,17.974999999999998
2025-05-09,13.842642237984997,-19.287566095348332,3.8499339046516674,3.599933904651664,0.0,28.68875
2025-05-10,13.294769123228626,14.67726912322863,22.415914956561963,14.67726912322863,0.0,38.452083333333334
2025-05-11,7.626574090765093,-2.3706134092349096,-0.9368634092349062,0.0,0.0,19.1
2025-05-12,3.4533004366236284,-15.053574563376374,-4.742324563376375,0.013925436623626553,0.0,14.092500000000001
2025-05-13,5.205596429508461,5.97934642950845,-16.97940357049155,-7.916903570491552,0.0,38.596666666666664
2025-05-14,23.987838403088006,-7.0075782635786545,23.987838403088006,0.0,0.0,36.34291666666666
2025-05-15,4.374450461566234,-0.7452370384337677,-1.4748203717671018,0.0,0.0,14.424583333333334
2025-05-16,-4.447918851486236,-3.7987521848195698,-9.9145855181529,0.0,4.557810315180433,12.197500000000002
2025-05-17,-7.102764004644598,1.9986943286887389,-6.293076504644596,-7.470889004644597,0.0,13.46125
2025-05-18,6.204888211729742,-0.20386178827025958,-0.5110492882702609,0.0,0.0,15.780000000000001
2025-05-19,-13.327019486693946,-15.29951948669395,-2.5970194866939558,0.0,0.0,17.307499999999994
2025-05-20,4.604748555045553,-13.478584778287779,0.9934985550455551,0.9934985550455551,0.0,22.80375
2025-05-21,-15.92091537347238,14.26658462652762,-6.037165373472384,-2.4868528734723796,0.0,18.1125
2025-05-22,0.41167392109027645,1.9739655877569433,2.911882254423606,5.412090587756939,0.0,15.051666666666666
2025-05-23,14.96118039603267,-1.606840437300665,9.518576229365998,0.32482622936599626,0.0,20.81125
2025-05-24,12.298326229696293,-9.359173770303709,10.522076229696296,12.773534563029628,0.0,21.09770833333333
2025-05-25,-16.997134959775543,3.547240040224459,-1.50869745977554,-1.50869745977554,0.0,33.71875
2025-05-26,-11.397306312726133,-15.12668131272613,-8.527306312726129,-11.826993812726133,0.0,17.901249999999997
2025-05-27,-0.35274933354050475,5.736313166459496,13.71110483312616,0.0,0.0,25.463333333333328
2025-05-28,5.979434518372372,6.136934518372371,12.96568451837237,6.136934518372371,0.0,18.51677083333334
2025-05-29,1.8661748931668463,20.74346655983351,-5.955075106833153,14.872216559833511,0.0,31.57416666666667
2025-05-30,2.451310165957974,2.045060165957967,-11.239523167375367,-11.239523167375367,0.0,17.163750000000007
2025-05-31,1.21086788770031,23.860242887700316,22.94399288770032,17.369617887700315,0.0,28.140000000000008
2025-06-01,9.924766509331139,9.368412342664477,17.090808175997804,21.349245675997803,0.0,25.54083333333333
2025-06-02,20.212628298584328,-6.083621701415673,20.212628298584328,20.212628298584328,0.0,28.166249999999994
2025-06-03,-2.9923474347698047,7.993694231896864,6.0768192318968595,7.993694231896864,0.0,14.590416666666663
2025-06-04,11.114030507953679,16.624343007953676,16.624343007953676,11.114030507953679,0.0,26.996250000000003
2025-06-05,2.393020700565323,8.473854033898665,-0.13864596610133617,0.0,0.0,13.005833333333339
2025-06-06,5.740847177400166,-5.454569489266504,5.740847177400166,5.740847177400166,0.0,15.322916666666664
2025-06-07,6.726505084312489,40.1552550843125,38.512442584312495,40.1552550843125,0.0,49.673750000000005
2025-06-08,2.193488130163331,2.193488130163331,0.11661313016332997,0.0,0.0,30.642500000000002
2025-06-09,-6.1610669867849275,-1.259816986784923,-6.6120044867849295,0.0,0.0,4.105000000000004
2025-06-10,-7.343252567561304,-6.370335900894634,-13.399085900894637,-10.679190067561304,0.0,9.879583333333336
2025-06-11,22.374378378152155,22.374378378152155,12.445315878152158,0.0,0.0,27.27875
2025-06-12,0.47857752400600617,14.234410857339345,10.795452524006013,0.0,0.0,20.12749999999999
2025-06-13,-9.951120951532989,-10.491433451532988,-9.50351678486632,0.0,0.0,26.05041666666667
2025-06-14,-6.452820398382041,0.8113462682846233,-1.4958412317153744,-3.2628203983820434,0.0,7.666666666666664
2025-06-15,53.79271671024489,10.816466710244892,40.47834171024489,40.47834171024489,0.0,60.269999999999996
2025-06-16,6.777259071031764,-4.9100325956349025,10.632779904365101,0.0,0.0,40.649583333333325
2025-06-17,3.3753134692476543,-14.322499030752354,4.004375969247647,0.0,0.0,25.96375
2025-06-18,-0.5532670509461646,-5.412642050946165,1.9123579490538347,0.0,0.0,14.786249999999999
2025-06-19,-10.584374188367061,-2.824686688367052,-6.48437418836706,-10.934374188367055,0.0,42.03999999999999
2025-06-20,-24.476501212479278,-3.3388970458126046,-24.476501212479278,0.0,0.0,27.062500000000004
2025-06-21,3.576081165502174,21.42389366550218,14.866393665502176,0.0,0.0,35.859479166666674
2025-06-22,2.793316397495122,29.005816397495124,15.794566397495117,0.0,0.0,37.322500000000005
2025-06-23,-7.537998043242965,-10.042789709909627,-3.368206376576296,0.0,0.0,18.471250000000005
2025-06-24,46.57082975687109,-2.7695869097955743,21.39687142353775,0.0,0.0,52.91166666666666
2025-06-25,18.128253291304276,1.959503291304273,18.128253291304276,0.0,0.0,28.462812500000005
2025-06-26,0.552060953845654,3.1979984538456634,5.351331787178992,0.0,0.0,19.993750000000002
2025-06-27,-7.602907320895575,-7.920094820895574,-5.884469820895578,0.0,0.0,3.111875000000005
2025-06-28,3.8052702943377277,8.779749461004396,7.932561961004392,-7.847958872328938,0.0,37.92
2025-06-29,15.281610945453018,23.467027612119686,13.907860945453017,0.0,0.0,31.552083333333336
2025-06-30,12.208423051257526,0.1292563845908532,7.017381384590859,0.0,0.0,20.82416666666667
2025-07-01,4.145649650477182,12.52398298381052,10.177941317143848,15.40648298381052,0.0,26.25166666666667
2025-07-02,10.56542376339437,19.320736263394373,24.776673763394367,0.0,0.0,32.32958333333333
2025-07-03,17.06680505708184,16.631805057081838,16.188992557081836,0.0,0.0,24.30625
2025-07-04,-5.22663835900844,-9.298930025675105,-9.40663835900844,0.0,0.0,8.26875
2025-07-05,-3.353276089081426,-2.2342135890814276,6.187661410918576,2.0807864109185736,0.0,14.048437499999999
2025-07-06,-4.1270448543707445,18.525559312295925,8.131809312295928,0.0,0.0,30.890833333333326
2025-07-07,-8.095241354182797,2.7485086458172105,-8.095241354182797,0.0,0.0,9.843750000000004
2025-07-08,-9.417673032021781,-4.813610532021784,-20.35965219868845,0.0,0.0,14.52
2025-07-09,-10.678896472413122,-8.180563139079783,-3.9691048057464577,-2.22014647241312,0.0,7.057812500000004
2025-07-10,-20.909311491502347,-13.08462399150234,5.500063508497654,-2.6296239915023456,0.0,21.074062500000004
2025-07-11,-1.0176250961816606,-1.4820000961816646,-2.04950009618166,-6.422000096181662,0.0,23.658750000000005
2025-07-12,37.22495289162074,56.25432789162074,23.85120289162073,-0.4300471083792772,0.0,61.190000000000005
2025-07-13,8.887386221882398,25.426344555215735,7.94384455521574,0.0,0.0,30.784166666666668
2025-07-14,-6.919293026720823,-8.302730526720822,11.285186139945836,0.0,0.0,22.155416666666667
2025-07-15,3.391937814348381,-20.826187185651612,3.5354794810150523,3.5354794810150523,0.0,19.31125
2025-07-16,15.049401478858396,56.80481814552505,35.92710981219173,0.0,0.0,62.5884375
2025-07-17,11.957397542440823,-2.864477457559179,19.32114754244082,0.0,0.0,32.346250000000005
2025-07-18,5.111089252066559,-11.871410747933439,5.111089252066559,0.0,0.0,23.725
2025-07-19,-3.651623758155395,-20.32047792482206,-3.651623758155395,0.0,0.0,19.8325
2025-07-20,16.309024468136407,-0.22014219853025807,-3.0636838651969214,0.0,0.0,50.834999999999994
2025-07-21,5.450990673685645,12.89015734035232,11.528803173685649,0.0,0.0,20.389166666666668
2025-07-22,6.695322870202645,-10.320718796464018,9.586364536869311,9.586364536869311,0.0,22.129166666666663
2025-07-23,0.8784906655369227,-20.926196834463077,15.544115665536921,0.0,0.0,53.067499999999995
2025-07-24,-5.292030455138306,-5.292030455138306,-3.8511971218049723,0.0,0.0,27.089375000000004
2025-07-25,-1.298167861652395,-21.374417861652397,-0.18691786165239677,0.0,0.0,34.46625
2025-07-26,-0.3412574475335859,-2.4181324475335835,4.790200885799745,0.0,0.0,20.380000000000003
2025-07-27,0.7148193029707102,-19.135805697029276,-1.6155973636959473,0.0,0.0,29.608749999999986
2025-07-28,1.6146144293082187,-11.917468904025121,3.978572762641548,0.0,0.0,20.04875
2025-07-29,15.482201521077453,-13.488631812255889,13.540118187744117,0.0,0.0,26.028750000000006
2025-07-30,4.931453014046486,-3.1143803192868376,4.778328014046483,0.0,0.0,25.908749999999998
2025-07-31,0.0778477964360107,-5.582777203563989,0.6665977964360081,0.0,0.0,10.816875
2025-08-01,-2.1009804714536386,-8.960667971453638,-6.545667971453646,-8.080667971453646,0.0,22.37375
2025-08-02,20.909819472777674,-1.2002846938889888,17.099923639444345,9.705965306111011,0.0,28.654999999999998
2025-08-03,3.3813617510816982,8.147611751081705,2.6979242510817016,3.3813617510816982,0.0,22.58625
2025-08-04,28.75917546111338,-1.3745745388866197,14.846675461113378,0.0,0.0,32.93
2025-08-05,34.88026675183186,-3.5703582481681337,45.4542250851652,0.0,0.0,50.15333333333333
2025-08-06,67.34905130114798,8.715301301147985,67.34905130114798,0.0,0.0,73.41
2025-08-07,43.59412504243731,24.79256254243732,49.312458375770646,0.0,0.0,57.71458333333332
2025-08-08,-2.5865399296462037,0.9312725703537872,-2.293310762979541,0.0,0.0,33.19
2025-08-09,29.877271599552056,-6.6652284004479405,12.582479932885388,0.0,0.0,38.00625
2025-08-10,26.968822984381646,-18.363677015618354,26.968822984381646,0.0,0.0,48.72
2025-08-11,18.805555733963033,155.04305573396303,87.78180573396304,0.0,0.0,170.29
2025-08-12,4.1112597704376554,3.6674056037709875,-5.157386062895682,0.0,0.0,23.444583333333338
2025-08-13,-2.205402386338335,-20.613423219671667,-2.205402386338335,0.0,0.0,16.48625
2025-08-14,-18.580667995134206,-16.352334661800874,3.323082004865796,0.0,0.0,20.903750000000002
2025-08-15,3.392006338520055,102.00450633852006,24.031381338520063,0.0,0.0,125.27000000000001
2025-08-16,-2.1698563143851928,-2.1698563143851928,1.5182686856148067,0.0,0.0,18.735
2025-08-17,-9.007878053444557,-24.893294720111218,-11.08683638677789,0.0,0.0,10.7275
2025-08-18,-11.149224258657359,-5.043390925324033,-4.326411758657365,0.0,0.0,13.913333333333338
2025-08-19,-15.307519914489905,-13.932207414489906,-17.9834574144899,0.0,0.0,36.33500000000001
2025-08-20,-10.375735835414481,-22.491985835414482,-22.61323583541448,0.0,0.0,18.777499999999996
2025-08-21,-13.262516747081065,-24.92314174708107,-18.924391747081067,0.0,0.0,17.812916666666666
2025-08-22,-2.516467142420872,-10.345842142420878,-0.005842142420874552,0.0,0.0,18.804999999999996
2025-08-23,6.989017207764483,11.482871374431141,2.2926630410978106,0.0,0.0,17.785416666666663
2025-08-24,-4.292401493171539,2.9588485068284456,-2.2827139931715337,-2.7344848265048753,0.0,12.391249999999992
2025-08-25,12.760238356228754,-9.21142831043791,8.636800856228753,9.70628002289542,0.0,16.56125
2025-08-26,4.6504294024017945,-12.394987264264874,4.065637735735123,11.49042940240179,0.0,15.982499999999995
2025-08-27,7.142319390601834,-5.666118109398159,9.261486057268499,9.261486057268499,0.0,18.139166666666664
2025-08-28,9.542507853717417,12.493341187050753,9.777820353717416,0.6900078537174181,0.0,21.693333333333335
2025-08-29,29.415093334403693,33.15082250107035,19.68686416773702,39.14332250107036,0.0,46.62416666666667
2025-08-30,16.31631001696698,4.952560016966984,13.697872516966981,0.0,0.0,21.389999999999993
2025-08-31,13.47062797638765,2.802190476387647,12.516252976387651,0.0,0.0,26.289166666666667
2025-09-01,8.461106456263092,-4.574518543736907,8.461106456263092,0.0,0.0,18.857499999999995
2025-09-02,19.656173995568516,32.30773649556853,-3.054451004431492,0.0,0.0,43.22625000000001
2025-09-03,1.8043380256376622,4.052775525637664,9.624650525637662,0.0,0.0,19.55875
2025-09-04,14.170615533654296,16.206865533654298,14.170615533654296,0.0,0.0,21.758333333333333
2025-09-05,6.548032344532871,4.878657344532872,5.487719844532872,0.0,0.0,14.680000000000003
2025-09-06,7.531051368108365,6.36480136810836,2.7879263681083657,0.0,0.0,24.070000000000007
2025-09-07,-2.0858285371310714,-5.252286870464417,-6.781141037131082,0.0,0.0,11.041250000000009
2025-09-08,16.66702988188221,5.372029881882213,13.367029881882214,3.97307154854888,0.0,21.27375
2025-09-09,-0.2241644650926915,-6.8366644650926816,-0.11260196509269349,2.361460534907309,0.0,30.976666666666667
2025-09-10,15.30876451269749,5.493764512697499,13.195014512697494,0.0,0.0,19.374999999999996
2025-09-11,-1.8023200252233984,-3.8423200252233976,2.2776799747766034,0.2376799747766043,0.0,14.14
2025-09-12,2.5054018311914064,5.251651831191413,0.8613393311914024,2.5054018311914064,0.0,12.40677083333333
2025-09-13,3.552384104273102,-10.6644908957269,3.1792591042731075,3.428009104273105,0.0,29.607499999999995
2025-09-14,14.660292365471005,-3.0797076345289867,14.660292365471005,13.121229865471005,0.0,18.436249999999998
2025-09-15,-8.324022991018833,-4.734022991018833,-8.324022991018833,-8.324022991018833,0.0,8.772500000000004
2025-09-16,2.9679765703118157,4.554018236978479,-0.10327342968818343,4.554018236978479,0.0,9.902916666666666
2025-09-17,-1.7609009064692955,9.075765760197385,9.075765760197385,7.525349093530707,0.0,18.206250000000004
2025-09-18,12.452359426127401,-0.6951405738726031,9.083609426127396,10.108609426127401,0.0,15.528750000000002
2025-09-19,2.108649976543383,-15.277912523456614,2.0232333098767157,-7.532183356789947,0.0,11.549062499999998
2025-09-20,13.000053122219072,2.257761455552405,9.777761455552401,4.764428122219073,0.0,16.639166666666664
2025-09-21,1.2605529249538563,5.41180292495385,29.257740424953848,29.257740424953848,0.0,41.89833333333333
2025-09-22,29.028198038011016,23.195073038011024,37.31382303801102,0.0,0.0,41.415000000000006
2025-09-23,9.177557773858968,0.9415161071923137,12.377766107192304,0.0,0.0,16.836666666666666
2025-09-24,1.424145628266686,-7.239187705066648,1.424145628266686,1.772062294933356,0.0,15.603749999999998
2025-09-25,0.12560831348712043,-3.995641686512883,15.018108313487122,10.32185831348712,0.0,23.09625000000001
2025-09-26,2.136200375802897,11.449012875802893,6.044950375802891,0.0,0.0,20.2675
2025-09-27,4.0343199600962265,3.5821324600962257,7.6805699600962285,0.0,0.0,17.076666666666668
2025-09-28,14.900186018687261,14.900186018687261,12.022061018687264,0.0,0.0,19.165
2025-09-29,17.673401405764714,17.673401405764714,13.751109739098048,17.673401405764714,0.0,21.356666666666673
2025-09-30,10.416008091378082,1.1526747580447463,1.1526747580447463,1.1526747580447463,0.0,16.636249999999997
2025-10-01,4.757506353795282,4.339381353795282,9.149068853795281,3.3343813537952833,0.0,12.936666666666664
2025-10-02,5.738697295449054,10.734009795449055,3.8415097954490562,11.430259795449057,0.0,14.763750000000002
2025-10-03,8.761515145924157,10.699015145924157,8.761515145924157,8.761515145924157,0.0,14.504583333333333
2025-10-04,8.225887575210919,14.070575075210925,9.705575075210916,-3.3894249247890897,0.0,21.69750000000001
2025-10-05,12.590750561367635,22.187729728034302,22.187729728034302,22.187729728034302,0.0,25.531666666666666
2025-10-06,9.065494271259862,11.221744271259862,10.06049427125986,11.221744271259862,0.0,14.54
2025-10-07,1.2685711889926061,0.2169045223259367,1.2685711889926061,5.169404522325937,0.0,10.434999999999999
2025-10-08,8.676239407195382,10.434156073862056,9.994676907195384,8.676239407195382,0.0,15.54291666666667
2025-10-09,1.3316856061483762,1.3316856061483762,1.4158522728150444,1.5000189394817127,0.0,13.272500000000004
2025-10-10,3.62380413018958,3.551616630189578,4.404116630189581,1.4619291301895778,0.0,12.482499999999998
2025-10-11,1.1067236530697215,2.7233903197363993,-1.7859846802636028,1.259015319736399,0.0,7.052499999999998
2025-10-12,4.725466653890614,15.923591653890615,9.969216653890616,24.17077915389061,0.0,29.74125
2025-10-13,6.064307634628253,11.378786801294918,15.620870134628245,13.483995134628248,0.0,18.44374999999999
2025-10-14,7.716360155889809,1.7438601558898092,6.127297655889812,4.538235155889804,0.0,14.813333333333336
2025-10-15,31.330184292999874,25.477684292999868,31.330184292999874,31.330184292999874,0.0,34.400000000000006
2025-10-16,41.05400516485619,-0.8455781684771431,24.809838498189524,41.05400516485619,0.0,44.778333333333336
2025-10-17,15.70300799971185,-25.886054500288154,17.192278833045187,0.0,0.0,37.518750000000004
2025-10-18,12.869446828232462,-0.6530531717675387,6.0444468282324735,16.281946828232464,0.0,20.765
2025-10-19,13.223524037605117,26.99227403760512,13.79852403760512,12.648524037605128,0.0,31.588750000000005
2025-10-20,40.04263170735575,40.04263170735575,35.47856920735575,0.0,0.0,45.07875
2025-10-21,111.70485781641803,148.38037864975135,148.38037864975135,0.0,0.0,157.15333333333334
2025-10-22,29.94148270450706,43.87960770450706,15.783982704507068,0.0,0.0,63.08124999999998
2025-10-23,15.063459506233421,22.222105339566752,21.02898033956675,0.0,0.0,34.78333333333333
2025-10-24,-0.5468687636954286,-21.238952097028758,-3.858535430362089,0.0,0.0,23.003749999999997
2025-10-25,96.57307526755565,-25.064424732444337,-7.056091399111004,0.0,0.0,113.96375
2025-10-26,13.490164913497686,-24.511293419835624,13.490164913497686,0.0,0.0,50.28999999999999
2025-10-27,-13.987939864917251,1.6045601350827567,-2.078356531583921,0.0,0.0,22.04625
2025-10-28,-9.54889868813192,-7.663586188131916,-10.364523688131918,0.0,0.0,10.667812499999997
2025-10-29,-14.237786030476613,10.098255636190046,-10.750494363809949,0.0,0.0,98.5125
2025-10-30,-10.418153341447358,-16.494820008114026,-3.690340841447359,0.0,0.0,52.27375
2025-10-31,-1.0465970442735042,-26.78555537760684,6.4444446223931635,0.0,0.0,17.755
2025-11-01,-14.909685280840414,-12.753643614173747,-13.436976947507077,0.0,0.0,16.40333333333333
2025-11-02,12.54649390477492,0.45811890477492057,17.026993904774912,0.0,0.0,51.704166666666666
2025-11-03,21.30531940244969,19.567923569116353,58.90761106911635,0.0,0.0,89.67833333333334
2025-11-04,25.777660151949885,-8.386194014716786,45.883701818616544,0.0,0.0,55.53833333333333
2025-11-05,28.058281021763865,-2.256406478236137,27.142031021763867,0.0,0.0,38.52749999999999
2025-11-06,17.90564547051028,30.48970797051028,-13.932479529489719,0.0,0.0,69.06
2025-11-07,7.475975581120856,-9.584232752212476,7.475975581120856,0.0,0.0,73.59875000000001
2025-11-08,-6.746959218128509,-3.2296675514618443,-6.746959218128509,0.0,0.0,23.00916666666667
2025-11-09,38.72897740522925,58.81053990522925,7.7633524052292415,0.0,0.0,76.93499999999999
2025-11-10,8.680686543445368,51.79235321011203,30.236519876778708,0.0,0.0,90.96083333333331
2025-11-11,17.1021994209689,30.717199420968896,5.909074420968906,0.0,0.0,56.02499999999999
2025-11-12,12.251346555192796,11.410096555192794,11.400409055192796,0.0,0.0,22.63
2025-11-13,31.385877624286664,-9.090268209046659,3.925356790953334,0.0,0.0,49.63875
2025-11-14,41.58216834745772,73.91425168079101,57.74821001412437,0.0,0.0,84.08249999999998
2025-11-15,20.378381601664586,9.372756601664584,28.182756601664586,0.0,0.0,39.875
2025-11-16,5.557169261864495,7.6736275951978286,7.6736275951978286,0.0,0.0,23.541249999999998
2025-11-17,-1.0797894556161793,0.2466688777171555,-1.0797894556161793,0.0,0.0,25.656249999999993
2025-11-18,21.06916805197534,45.59416805197534,-0.4508319480246641,0.0,0.0,59.4825
2025-11-19,-3.998661159536475,27.69258884046353,-0.7377236595364778,0.0,0.0,48.313750000000006
2025-11-20,22.340221242667084,-7.055612090666244,22.340221242667084,0.0,0.0,30.273333333333333
2025-11-21,-5.369322778822543,-13.317239445489207,-6.3745311121558785,0.0,0.0,10.082916666666662
2025-11-22,-17.654260034759588,-22.37051003475959,-17.654260034759588,0.0,0.0,15.740000000000006
2025-11-23,13.305196615885013,22.37644661588502,-11.790428384114989,0.0,0.0,28.018750000000004
2025-11-24,8.427984933718854,-3.3890983996144826,5.074964100385522,0.0,0.0,15.142500000000005
2025-11-25,15.451371374951037,-17.901128625048955,9.63074637495103,-13.202378625048958,0.0,28.733749999999997
2025-11-26,-19.65229483408524,14.630205165914756,-23.17604483408524,0.0,0.0,29.04
2025-11-27,9.63844686282949,10.027196862829491,9.63844686282949,5.507509362829488,0.0,15.523749999999996
2025-11-28,12.86320961221875,3.336959612218756,12.86320961221875,5.504459612218756,0.0,16.674999999999997
2025-11-29,28.717669506130104,-29.175247160536568,28.717669506130104,28.717669506130104,0.0,38.4075
2025-11-30,12.676805270443204,-10.329757229556794,11.871284437109864,11.065763603776531,0.0,17.648333333333326
2025-12-01,-31.371528505748337,0.49555482758499636,-31.371528505748337,-28.978820172415002,0.0,25.173333333333336
2025-12-02,8.721324935457588,49.59194993545756,9.935699935457592,-26.4155500645424,0.0,57.48999999999998
2025-12-03,-27.850555716352446,32.72819428364756,6.667256783647559,0.0,0.0,37.925000000000004
2025-12-04,16.263955281020998,6.132705281020989,13.136559447687667,16.263955281020998,0.0,21.60833333333333
2025-12-05,-17.513654973638282,-19.825529973638282,-17.674279973638278,-17.513654973638282,0.0,28.6775
2025-12-06,25.36277885011404,3.720278850114042,22.453924683447376,0.0,0.0,31.011250000000004
2025-12-07,-8.856876236498657,-0.7231262364986577,-8.856876236498657,0.0,0.0,19.49875
2025-12-08,2.7506755159062166,6.350050515906219,2.4184880159062203,2.086300515906217,0.0,22.026250000000008
2025-12-09,-2.8702272672901827,-2.8702272672901827,-2.8702272672901827,-2.8702272672901827,0.0,38.2925
2025-12-10,2.8517621385347525,17.35134547186809,11.759053805201411,0.0,0.0,22.068333333333342
2025-12-11,-4.088996687876282,-8.677538354542946,-8.677538354542946,-0.982538354542946,0.0,18.678750000000004
2025-12-12,-3.99421275557296,-9.407962755572964,-3.99421275557296,0.0,0.0,7.472500000000004
2025-12-13,-15.501171923214926,0.6579947434517379,-21.399088589881593,-27.297005256548264,0.0,29.000416666666673
2025-12-14,5.146717453605785,22.22671745360578,13.642134120272448,0.0,0.0,36.5975
2025-12-15,-11.620743794126767,12.664672872539896,-17.6531396274601,-35.750327127460096,0.0,35.06625
2025-12-16,-11.51245353148051,2.2279631351861475,-0.6757868648138476,0.0,0.0,11.519999999999996
2025-12-17,10.19435604494856,6.411022711615221,10.19435604494856,10.19435604494856,0.0,18.595000000000006
2025-12-18,-3.8381274876655738,3.9549975123344296,2.1068725123344265,0.0,0.0,27.64874999999999
2025-12-19,7.366068659654978,12.39450615965498,12.39450615965498,0.0,0.0,26.299374999999998
2025-12-20,-7.887331510814192,7.9695434891858135,10.919543489185802,0.0,0.0,32.128750000000004
2025-12-21,6.694524721973636,1.3303580553069665,8.875358055306968,0.4441080553069696,0.0,18.733645833333334
2025-12-22,7.714295504670339,-11.032996161996337,21.879087171337005,0.0,0.0,27.32958333333334
2025-12-23,15.503524587744739,30.693524587744733,32.136649587744735,35.12602458774474,0.0,39.400000000000006
2025-12-24,32.04191611768244,33.5785827843491,30.505249451015764,30.505249451015764,0.0,38.239999999999995
2025-12-25,26.415958167561076,12.568458167561076,23.64752066756108,25.493145667561077,0.0,32.99875
2025-12-26,11.408979816319249,12.952417316319256,13.555854816319247,20.17804231631925,0.0,33.74625
2025-12-27,19.31056794261463,39.83619294261463,19.31056794261463,39.83619294261463,0.0,44.9025
2025-12-28,21.249456216784715,21.091331216784717,37.99351871678471,0.0,0.0,50.12
2025-12-29,17.48248667742834,12.231445010761675,21.581445010761676,0.0,0.0,27.108333333333338
2025-12-30,-13.498732061929317,-7.218732061929316,-6.6212320619293195,-18.82248206192933,0.0,25.314999999999998
