,LightGBM,Seasonal Naive,Risk-Aware CQR,Risk-Aware Bayesian,Oracle
2024-01-02,26.827206042724775,-3.7215522072752343,0.0,0.0,30.394106083333337
2024-01-03,25.343347082078694,-1.6537005012546402,0.0,0.0,30.878199583333338
2024-01-04,19.171840712126734,1.0847967121267317,0.0,0.0,27.843906
2024-01-05,37.66407517818516,-14.913413488481503,0.0,0.0,43.279135249999996
2024-01-06,3.274514921786846,-3.9908817448798253,0.0,0.0,13.513016833333335
2024-01-07,6.04286418261643,-8.478583067383571,4.797565765949759,3.9501069326164213,11.34876766666667
2024-01-08,20.8571161710385,3.0949241710385067,0.0,0.0,26.062928999999997
2024-01-09,1.5876433041453915,4.52365222081205,2.563931470812051,0.775743304145383,10.89449766666667
2024-01-10,15.149651653304932,8.331605236638268,0.0,0.0,30.83589183333334
2024-01-11,7.226931619077249,9.133030035743914,0.0,0.0,21.727239750000006
2024-01-12,7.800551120657158,3.126201620657163,0.0,0.0,14.240087999999997
2024-01-13,51.16858492638515,1.067969509718477,0.0,0.0,57.735826
2024-01-14,53.566787864859364,52.120387698192715,0.0,0.0,60.38972433333333
2024-01-15,22.30279556053452,7.515516560534536,0.0,0.0,63.809690166666684
2024-01-16,50.18857796412529,48.27022854745863,0.0,0.0,107.93401224999998
2024-01-17,25.34836242187953,-38.96531549478712,0.0,0.0,207.72688808333334
2024-01-18,48.26660802929064,34.43844177929064,0.0,0.0,80.51251908333333
2024-01-19,-9.042683957373413,-9.042683957373413,0.0,0.0,26.250192
2024-01-20,15.587297469955352,15.587297469955352,0.0,0.0,42.37078433333334
2024-01-21,8.333456324053472,-29.265423759279848,0.0,0.0,34.00019308333333
2024-01-22,51.45670956815283,-8.769675098513844,0.0,0.0,77.1675505
2024-01-23,7.597230689974445,-22.57052897669221,0.0,0.0,31.965199416666664
2024-01-24,-5.787414720636679,-8.181793970636683,-5.552494887303343,-7.809252803970015,11.250369416666668
2024-01-25,3.850969434761563,-13.982913398571771,2.6394496847615656,-1.302809815238433,14.356810749999998
2024-01-26,7.6076778478104075,6.451126347810401,7.6076778478104075,6.451126347810401,17.375016083333335
2024-01-27,0.7839487459723671,-1.3816315040276308,-0.0396805873609658,0.7839487459723671,11.995014999999995
2024-01-28,7.54988156843584,-7.950245764897495,7.385525401769172,6.7328167351025066,16.991581500000002
2024-01-29,10.155421338760103,5.870751172093438,0.0,10.155421338760103,20.943622833333333
2024-01-30,16.86728491526401,10.950904331930676,0.0,6.578050915264011,21.412160833333324
2024-02-02,7.841302555540281,6.3546738888736165,7.841302555540281,5.9100697222069485,11.586506999999997
2024-02-03,4.960572160481959,-9.692527006184703,4.960572160481959,3.793577243815296,9.920449416666667
2024-02-04,6.764981034214362,-10.755975465785635,6.556616117547694,1.9030627842143666,10.282193249999997
2024-02-05,23.20664797255023,-4.62817252744977,6.221773972550224,6.163329139216891,26.776375666666663
2024-02-06,26.023752890202733,-8.42433802646394,26.023752890202733,0.0,29.60052558333334
2024-02-07,27.12369004172505,-5.796537874941617,27.12369004172505,8.545592125058384,30.936913250000007
2024-02-08,15.571012191527338,14.951296358194003,15.571012191527338,16.14668919152734,23.49855466666667
2024-02-09,9.739845536310069,4.259249619643404,9.739845536310069,5.970802202976733,13.884438833333332
2024-02-10,4.740530904094765,-5.481551512571901,4.740530904094765,4.740530904094765,12.504827916666667
2024-02-11,9.140945299652794,-7.785475617013873,9.140945299652794,7.615856216319457,13.994706166666663
2024-02-12,7.9308704470782985,1.4443701137449771,6.273174447078301,6.273174447078301,13.941090666666671
2024-02-13,12.798141968478745,10.21742163514541,11.008357801812082,12.287719635145407,17.529654499999996
2024-02-14,18.840248501562705,18.658663001562704,6.476317751562707,6.294732251562706,22.75513733333333
2024-02-15,13.498776115384487,11.676168365384488,11.35914919871782,10.222359532051154,17.669294
2024-02-16,10.178557600706906,11.464723517373567,10.178557600706906,1.5820203507069088,15.736227833333334
2024-02-17,7.605121510017039,9.955795426683704,6.417554926683703,7.142150093350374,14.88954625
2024-02-18,7.473399194758443,6.519598111425111,7.473399194758443,7.681166694758444,16.939816666666665
2024-02-19,15.823411959776276,1.0775530431096065,0.0,4.93827329310961,24.146827583333337
2024-02-20,28.1224627089671,3.5288743756337553,28.1224627089671,6.394749625633757,31.798802083333342
2024-02-21,20.335497899548205,20.335497899548205,20.335497899548205,5.4055377328815375,24.034926500000005
2024-02-22,11.947828343865076,5.61264226053175,11.947828343865076,6.480525843865074,16.760531750000006
2024-02-23,9.719972800517978,8.44679138385131,10.396547300517978,9.719972800517978,14.04012391666667
2024-02-24,13.553196909897213,10.593918909897223,13.553196909897213,13.553196909897213,17.752644583333336
2024-02-25,15.424576992501727,18.096103159168397,15.424576992501727,0.0,21.849504333333336
2024-02-26,20.61984363339001,20.61984363339001,0.0,2.6935106333900087,25.81822416666666
2024-02-27,9.035636011108844,0.12302851110884205,7.254290177775511,6.567524511108843,12.827497583333335
2024-02-28,22.789095271490755,-6.095082228509245,22.789095271490755,0.0,26.43077508333333
2024-03-02,0.36079319764942497,-2.2396813856839124,-0.5857028023505784,0.36079319764942497,10.521099916666671
2024-03-03,9.59952567913507,-12.85832090419827,9.59952567913507,0.0,14.0951275
2024-03-04,16.652181232543057,-6.970089017456946,12.537289149209723,0.0,22.18207041666667
2024-03-05,9.924696264670466,-18.25304206866287,9.924696264670466,0.0,15.469672500000005
2024-03-06,9.361233397020055,0.36225306368671895,9.361233397020055,4.705291230353385,13.554074666666667
2024-03-07,13.943026941025163,-3.4428383923081753,13.943026941025163,8.51901285769183,18.238704416666664
2024-03-08,10.221267505987058,8.324841172653723,10.221267505987058,10.201731672653725,14.035525416666665
2024-03-09,8.656291633210687,6.7012194665440195,8.656291633210687,0.0,13.223850666666662
2024-03-10,5.950253346619601,4.780011929952931,5.950253346619601,0.0,23.285688166666667
2024-03-11,11.893903330494673,6.343412997161337,0.0,0.0,52.42043016666666
2024-03-12,19.642935053123704,19.86771763645704,0.0,0.0,24.118876583333332
2024-03-13,21.126814867116995,16.872678450450334,0.0,0.0,26.18475133333333
2024-03-14,12.449031360413594,13.82029527708026,0.0,0.0,18.320043833333337
2024-03-15,9.469541925584453,9.147772008917787,0.0,0.0,19.23797925
2024-03-16,10.028746473364087,-8.292200776635909,10.367520723364088,0.0,17.218409249999997
2024-03-17,6.37381337797663,21.08410646130997,6.37381337797663,0.0,25.96751083333333
2024-03-18,11.500146610015094,27.29033502668176,0.0,0.0,36.792648916666664
2024-03-19,36.712929253003836,12.902699753003827,0.0,0.0,41.8394665
2024-03-20,23.791944187360198,22.009719437360193,0.0,0.0,29.25538166666667
2024-03-21,52.17005423469226,13.208834068025588,0.0,0.0,58.26776216666667
2024-03-22,29.700253589063276,-4.6180052442700585,0.0,0.0,37.15831491666667
2024-03-23,1.1924041848966738,-4.50457839843666,-3.9304813984366618,-4.540305481769995,10.067001416666663
2024-03-24,5.700383283625063,4.643637533625064,5.700383283625063,0.0,20.150105333333336
2024-03-25,25.177374204215546,6.06890937088221,0.0,0.0,31.273876333333327
2024-03-26,15.500691257862321,8.452003924528988,0.0,0.0,21.365129083333336
2024-03-27,13.470704477648002,12.626064560981337,0.0,9.670277477647996,21.21451808333333
2024-03-28,17.338651619512234,17.338651619512234,0.0,16.10796395284557,22.596125249999996
2024-03-29,20.534778066067304,12.494685816067303,0.0,0.0,25.191342749999997
2024-03-30,5.797535099992093,-3.272151816674569,5.797535099992093,0.0,15.113794833333337
2024-04-02,10.352553316670676,-17.64869826666266,0.0,10.12956915000401,18.283259166666667
2024-04-03,13.062682571272774,-5.101965512060566,13.062682571272774,7.917057487939438,17.063822166666668
2024-04-04,15.810734791854763,-21.95125579147856,0.0,7.3387421251881015,19.83531949999999
2024-04-05,21.79089097143047,-5.38708777856953,0.0,0.0,25.977147416666668
2024-04-06,21.29140141531183,5.944900998645171,0.0,0.0,25.705992416666657
2024-04-07,18.394157412993614,-4.598981170339718,0.0,0.0,22.703482916666665
2024-04-08,16.84095413770271,17.39596830436938,0.0,0.0,21.64484583333333
2024-04-09,20.131899585807393,8.470243585807395,0.0,0.0,24.24295458333333
2024-04-10,21.073073086932165,11.71102425359884,0.0,0.0,25.327366083333327
2024-04-11,7.434015890119564,6.674352306786233,0.0,12.303717306786229,16.87526408333333
2024-04-12,15.199300169885504,3.8413867532188384,0.0,5.536060169885506,20.013637166666665
2024-04-13,18.693499995399364,18.693499995399364,0.0,6.630295078732708,22.58847683333333
2024-04-14,25.799288202068503,4.6879881187351735,0.0,0.0,29.869241833333334
2024-04-15,36.95105621378442,30.727707797117752,0.0,0.0,41.26802675
2024-04-16,34.83752376310998,34.83752376310998,0.0,0.0,39.77333266666667
2024-04-17,15.131316889999468,14.723461973332803,0.0,0.0,23.033727666666664
2024-04-18,28.753886904727235,16.53244123806056,0.0,0.0,33.73162225
2024-04-19,24.11479327299021,24.11479327299021,0.0,24.11479327299021,30.081271166666667
2024-04-20,17.136668889721612,17.136668889721612,17.136668889721612,0.0,22.5653635
2024-04-21,10.271731724279395,7.581277724279392,10.271731724279395,5.068462307612727,20.60181533333333
2024-04-22,23.68971020591192,14.289109205911917,0.0,0.0,35.55473683333333
2024-04-23,22.78115723477302,22.78115723477302,0.0,0.0,27.59719891666667
2024-04-24,8.372131581071752,12.72817649773842,0.0,0.0,20.234630416666665
2024-04-25,10.197323658800464,7.714450575467136,0.0,0.0,27.022820083333333
2024-04-26,9.452221755681084,21.006363089014414,0.0,0.0,25.42063783333333
2024-04-27,5.250968147659524,2.1171954809928586,2.9226922309928582,0.0,13.141590083333332
2024-04-28,22.45236117466127,6.061808424661269,22.45236117466127,0.0,26.917676666666672
2024-04-29,41.850458324110264,-29.548805842556405,0.0,0.0,46.96834625
2024-05-02,34.930793705469355,20.69057112213602,0.0,0.0,41.34196641666668
2024-05-03,22.75761127619279,3.8078301095261295,0.0,0.0,29.11336433333333
2024-05-04,11.763470373259729,-12.806159376740265,11.763470373259729,11.570842039926397,20.44602675
2024-05-05,17.062585344420725,4.288736177754053,17.062585344420725,12.671483677754058,23.293563166666665
2024-05-06,17.293307894782902,21.939913811449582,0.0,0.0,30.339606583333342
2024-05-07,28.206572300925295,12.64487796759196,0.0,0.0,34.80098483333334
2024-05-08,42.81130444492078,36.890502444920784,0.0,0.0,57.23800241666666
2024-05-09,27.78125434409725,9.21186726076392,0.0,0.0,34.42488308333333
2024-05-10,11.932938708467635,13.572213875134302,0.0,7.09187979180097,19.81245541666667
2024-05-11,7.261128567193431,2.767333900526765,4.73323390052677,5.751819483860103,15.03469158333333
2024-05-12,9.332727574606963,15.120802074606964,10.334728657940296,0.0,23.434929833333335
2024-05-13,24.89907515326994,19.209500486603275,0.0,0.0,32.137018999999995
2024-05-14,22.694452780757327,5.154311697423999,0.0,0.0,29.236333416666664
2024-05-15,10.014260740182792,15.039359323516123,0.0,0.0,21.943730666666664
2024-05-16,29.977243515721028,17.27035301572102,0.0,0.0,36.196941416666675
2024-05-17,24.386263144341516,34.73319564434152,0.0,0.0,40.75563475
2024-05-18,15.29956755907422,-2.737954274259117,0.0,0.0,24.687611583333343
2024-05-19,33.61722084486182,17.971678594861825,0.0,0.0,39.348536249999995
2024-05-20,50.16260741175373,51.43119616175373,0.0,0.0,59.51182875
2024-05-21,49.877500405809,33.74329673914232,0.0,0.0,63.52081
2024-05-22,56.676283555432114,7.117935638765452,0.0,0.0,73.86572583333334
2024-05-23,43.433917097159224,29.879536680492567,0.0,0.0,52.87269766666665
2024-05-24,30.660743135786213,17.984787469119546,0.0,0.0,44.31015375000001
2024-05-25,21.267013532313523,17.956218115646855,0.0,0.0,35.77292816666666
2024-05-26,10.789879905858292,13.783902405858282,0.0,0.0,33.28136133333334
2024-05-27,8.607689879901663,8.196572463234997,0.0,0.0,24.364383249999996
2024-05-28,19.739290977566093,27.069787060899422,0.0,0.0,36.611590166666666
2024-05-29,11.562787500250668,7.527420083584001,0.0,0.0,21.17575741666667
2024-05-30,10.896053977466945,6.687430894133605,10.896053977466945,6.687430894133605,17.817875833333332
2024-06-02,14.503891401932625,4.618627818599295,15.183111068599295,0.0,20.792166333333334
2024-06-03,31.147805332546127,15.492187082546124,0.0,0.0,41.766232083333335
2024-06-04,40.84419990310912,20.249402236442453,0.0,0.0,46.42540258333334
2024-06-05,18.967779829023062,9.930588579023059,0.0,0.0,29.604316333333337
2024-06-06,13.908737024780343,3.2822193581136823,13.908737024780343,0.0,22.556195833333334
2024-06-07,8.724057220358794,4.309286553692125,8.724057220358794,8.724057220358794,15.221441166666672
2024-06-08,10.22014790486137,12.253785738194706,10.509080821528038,0.0,18.348615500000005
2024-06-09,7.040373717224973,7.341106133891644,7.040373717224973,0.0,14.3704275
2024-06-10,8.318110031057232,8.318110031057232,8.5875929477239,0.0,17.947616500000002
2024-06-11,13.086316397100548,11.052682397100549,13.086316397100548,0.0,19.008342
2024-06-12,23.325484212637576,27.02115896263758,0.0,0.0,32.03247091666667
2024-06-13,37.897532386133676,10.444133719466999,0.0,0.0,42.29070800000001
2024-06-14,24.07867139425644,22.044860060923114,0.0,0.0,31.751681833333336
2024-06-15,13.357731200277723,16.011812450277716,14.114340950277722,0.0,21.871627499999995
2024-06-16,26.9090786763307,28.23208500966404,0.0,0.0,34.73630258333333
2024-06-17,52.99636908330788,43.63919549997455,0.0,0.0,62.31232191666667
2024-06-18,53.54168139033982,46.92183322367315,0.0,0.0,62.341792416666664
2024-06-19,42.575349301019266,36.78975721768593,0.0,0.0,51.788655083333325
2024-06-20,54.84591476849705,65.69637651849705,0.0,0.0,75.667266
2024-06-21,87.21034940810065,87.21034940810065,0.0,0.0,98.72027750000001
2024-06-22,46.05736265216018,46.820647152160184,0.0,0.0,66.85406583333334
2024-06-23,25.597973371392502,24.786823454725834,0.0,0.0,47.65789591666666
2024-06-24,17.246018773533926,17.246018773533926,0.0,0.0,30.25307933333333
2024-06-25,34.8715951445135,34.254224811180165,0.0,0.0,47.39126650000001
2024-06-26,25.920008402517617,25.920008402517617,0.0,0.0,38.20173266666667
2024-06-27,12.913266530564783,13.138208530564789,0.0,0.0,25.012573416666662
2024-06-28,16.853711081055305,16.853711081055305,0.0,0.0,27.339440416666662
2024-06-29,28.93954233512787,27.43190950179454,0.0,0.0,37.06639883333333
2024-07-02,35.206790827027994,10.272294660361325,0.0,0.0,44.32847375
2024-07-03,38.96084076659334,19.203295433260013,0.0,0.0,46.313289999999995
2024-07-04,33.67833422101518,12.951093971015194,0.0,0.0,41.35303583333332
2024-07-05,47.77551543744866,25.62423310411532,0.0,0.0,55.15647941666668
2024-07-06,40.44033691984447,13.133132503177812,0.0,0.0,49.156097499999994
2024-07-07,50.93686700425027,15.986600087583607,0.0,0.0,59.90104483333333
2024-07-08,81.27271778489546,67.99178686822881,0.0,0.0,91.17782316666666
2024-07-09,87.41094184010558,96.8405498401056,0.0,0.0,108.66601508333333
2024-07-10,64.11199875943471,67.06135084276806,0.0,0.0,81.70586308333333
2024-07-11,47.45635349979683,41.144407249796835,0.0,0.0,64.06083016666668
2024-07-12,29.139549028966794,29.139549028966794,0.0,0.0,44.961709000000006
2024-07-13,43.17872713231578,41.81488771564911,0.0,0.0,58.293118583333325
2024-07-14,52.288424104653814,50.225075771320476,0.0,0.0,68.53070583333334
2024-07-15,166.5346350702761,166.5346350702761,0.0,0.0,182.52558866666666
2024-07-16,107.36976030877088,119.23783339210419,0.0,0.0,139.73600008333332
2024-07-17,32.899865359172935,27.910745025839624,0.0,0.0,54.61802875000001
2024-07-18,7.8165707273567335,8.666288644023403,0.0,0.0,29.628432583333346
2024-07-19,10.63115144746699,10.63115144746699,0.0,0.0,31.587921083333327
2024-07-20,2.794314595959321,2.794314595959321,2.794314595959321,0.0,24.506490916666664
2024-07-21,18.929229614808715,21.67279036480871,0.0,0.0,42.85132658333333
2024-07-22,14.466767239739912,27.55224998973991,0.0,0.0,48.037327
2024-07-23,60.57183778627538,60.57183778627538,0.0,0.0,74.19018433333332
2024-07-24,38.74927165348359,33.83679948681692,0.0,0.0,47.66712691666666
2024-07-25,26.147162727051594,26.58781272705159,0.0,0.0,35.239286
2024-07-26,27.199996985388236,27.382472318721568,0.0,0.0,36.11924933333333
2024-07-27,21.79594532457661,21.280655824576613,0.0,0.0,31.64081066666666
2024-07-28,28.158623319449987,32.570028736116654,0.0,0.0,41.68194483333333
2024-07-29,32.337935153557275,42.3884157368906,0.0,0.0,51.50167166666666
2024-07-30,54.443429105139344,54.37827668847268,0.0,0.0,63.531344000000004
2024-08-02,58.682462884138516,25.011431717471865,0.0,0.0,72.62777249999999
2024-08-03,33.457498927470745,4.27515676080408,0.0,0.0,46.340165000000006
2024-08-04,24.37174402282392,14.268319356157264,0.0,0.0,49.97575941666666
2024-08-05,67.25099824883559,39.341439165502265,0.0,0.0,87.331685
2024-08-06,32.995348617677934,13.606788867677935,0.0,0.0,47.07806633333334
2024-08-07,11.579349504546624,-1.175179328786708,0.0,0.0,25.459062583333335
2024-08-08,15.990568629039995,16.214611545706656,0.0,0.0,29.125582249999994
2024-08-09,8.853086727974322,8.67054789464099,0.0,0.0,20.70254875
2024-08-10,15.57286138998359,16.47909988998359,15.815840306650255,0.0,27.038920166666664
2024-08-11,16.271845338077227,14.157762088077227,15.859189754743888,0.0,26.097498416666667
2024-08-12,24.96932570529755,30.785458788630876,0.0,0.0,39.56492766666666
2024-08-13,28.711472005586856,23.58674100558686,0.0,0.0,35.57967225
2024-08-14,34.733155862984155,16.94880302965082,0.0,0.0,40.974369916666674
2024-08-15,37.28057192188432,19.68884600521766,0.0,0.0,44.10793533333333
2024-08-16,37.568518124593865,37.626248707927196,0.0,0.0,44.221897000000006
2024-08-17,15.838206154681131,10.441254404681132,0.0,0.0,24.77466474999999
2024-08-18,11.325120950041473,14.172315950041465,13.676581283374802,0.0,21.628039333333334
2024-08-19,11.9222643775615,11.9222643775615,0.0,0.0,19.935889249999995
2024-08-20,10.410608726940035,7.194756726940037,10.049721476940038,3.6835358102733675,17.777314833333335
2024-08-21,10.557169227978289,8.33755806131163,7.836450477978296,0.0,16.850044416666663
2024-08-22,10.311336568349839,10.187255401683172,11.588429818349836,0.0,17.543574666666665
2024-08-23,22.00662537188815,22.439815621888147,19.131443371888146,0.0,27.824449
2024-08-24,28.99528642655214,28.99528642655214,0.0,0.0,34.69407258333333
2024-08-25,44.10589565282424,46.67067681949089,0.0,0.0,51.55332983333333
2024-08-26,67.23691513288308,53.97970371621642,0.0,0.0,83.6622098333333
2024-08-27,118.04908713450546,69.40346213450543,0.0,0.0,127.418308
2024-08-28,109.68933517542884,59.67358117542884,0.0,0.0,143.82884833333333
2024-08-29,32.08471356397508,21.316038397308404,0.0,0.0,53.45617741666666
2024-08-30,24.90980894354432,24.876722693544323,0.0,0.0,42.322784999999996
2024-09-02,-1.2798675361117517,-11.782043286111753,0.0,0.0,18.679431
2024-09-03,3.8966952818444014,-10.83705463482226,3.566854281844403,0.0,25.138676083333333
2024-09-04,10.09544585788609,-4.693634892113906,0.0,0.0,31.808575249999997
2024-09-05,17.951190858197332,5.0872378581973265,0.0,0.0,41.9932455
2024-09-06,12.414792487405961,2.2964944040726287,0.0,0.0,19.954797166666665
2024-09-07,1.9861900607872833,-8.498840105879385,1.9861900607872833,-7.1191949392127185,8.815135916666666
2024-09-08,14.136839842555842,8.03668009255585,14.136839842555842,0.0,19.538070666666663
2024-09-09,30.578440277731957,27.51922261106528,0.0,0.0,35.67303633333334
2024-09-10,30.84225697075988,41.83041422075987,0.0,0.0,47.61473624999999
2024-09-11,42.270726242759594,42.843175909426265,0.0,0.0,52.57223616666667
2024-09-12,39.24409048026722,39.85430123026722,0.0,0.0,54.52308775
2024-09-13,19.18197198193085,17.092945231930848,0.0,0.0,35.4612055
2024-09-14,19.885382445172745,7.55647727850609,19.885382445172745,0.0,38.02636966666667
2024-09-15,41.45094848338557,30.647522483385572,0.0,0.0,50.27830883333334
2024-09-16,34.047828539563746,27.69900953956375,0.0,0.0,56.18336133333334
2024-09-17,30.915618613609976,24.75167719694331,0.0,0.0,39.014719666666664
2024-09-18,27.539988291551033,30.25899362488436,0.0,0.0,38.20834783333333
2024-09-19,42.66148420192765,42.98711245192765,0.0,0.0,50.748105499999994
2024-09-20,44.84073322559122,57.0203818922579,0.0,0.0,64.95801241666668
2024-09-21,41.11925453405303,41.11925453405303,0.0,0.0,53.75678058333333
2024-09-22,25.7165715484829,32.302862548482906,0.0,0.0,41.14533350000001
2024-09-23,24.782416685505666,24.782416685505666,0.0,0.0,33.63383258333334
2024-09-24,24.452452574810728,15.614308824810735,0.0,0.0,32.699883416666665
2024-09-25,34.922602106312155,20.620495606312144,0.0,0.0,43.03973608333333
2024-09-26,20.79859397687991,23.540590560213243,0.0,0.0,33.15116583333333
2024-09-27,12.108711205848351,2.2642470391816865,0.0,12.108711205848351,19.60397
2024-09-28,17.591734146904496,16.92014048023783,0.0,16.951048396904493,24.8346475
2024-09-29,22.95041365639272,15.299662156392714,15.965611073059378,15.760651989726043,28.939694916666674
2024-10-02,28.879074324800875,8.347140908134197,0.0,0.0,34.88225200000001
2024-10-03,35.548691949925946,17.767487283259292,0.0,0.0,50.093516916666665
2024-10-04,39.98317202170584,19.99681560503917,0.0,0.0,45.64870566666667
2024-10-05,25.339716789312313,3.7812078726456555,0.0,0.0,37.21796208333333
2024-10-06,39.79937858510594,3.6578459184392784,0.0,0.0,49.053648583333334
2024-10-07,40.031602302473516,8.980316552473518,0.0,0.0,61.107036750000006
2024-10-08,36.00936388373252,36.00936388373252,0.0,0.0,53.63767691666666
2024-10-09,41.51176015165677,47.69872656832342,0.0,0.0,56.589083749999986
2024-10-10,37.11336799903012,37.74429249903011,0.0,0.0,46.288909999999994
2024-10-11,9.889739122467752,18.94623412246775,0.0,0.0,35.77120391666667
2024-10-12,25.120805136629475,46.74817905329614,0.0,0.0,57.677053
2024-10-13,39.152157880198246,44.909564463531595,0.0,0.0,55.92385808333334
2024-10-14,45.67912367310179,36.94238442310179,0.0,0.0,55.64972508333333
2024-10-15,6.139505197178472,22.201123530511804,0.0,0.0,37.55233283333334
2024-10-16,36.359051740839206,29.366393740839207,0.0,0.0,58.53230816666665
2024-10-17,16.164762163747092,30.122976830413762,0.0,0.0,81.83545991666668
2024-10-18,6.711700361838922,66.02889086183892,0.0,0.0,77.61608391666667
2024-10-19,15.182399743921817,16.316585410588484,0.0,0.0,33.13602483333332
2024-10-20,21.077402081031945,32.30702166436528,0.0,0.0,44.01034024999999
2024-10-21,32.83395066234132,33.59346932900799,0.0,0.0,66.93367933333333
2024-10-22,27.453609287960052,26.293688454626718,0.0,0.0,54.88448141666666
2024-10-23,36.17525980938381,17.06860005938381,0.0,0.0,57.04681241666667
2024-10-24,23.909243158177684,39.82225707484435,0.0,0.0,50.76309216666667
2024-10-25,18.314674712171943,38.594336295505265,0.0,0.0,54.089864416666664
2024-10-26,13.897239596550072,15.309309596550072,0.0,12.41394884655007,25.679724000000004
2024-10-27,19.423235051234972,20.141157051234966,19.423235051234972,19.479642134568305,29.213116333333332
2024-10-28,19.644885629871666,22.660428213205016,0.0,0.0,64.83243758333333
2024-10-29,22.30449193652965,36.09118135319631,0.0,0.0,43.92747483333333
2024-10-30,31.528116018619734,31.528116018619734,0.0,0.0,39.118817416666666
2024-11-02,9.822504899560169,-15.175559100439827,0.0,9.822504899560169,24.023877249999998
2024-11-03,9.216525158175873,-9.490845175157453,9.216525158175873,0.0,24.82047725
2024-11-04,19.21701392470478,-4.550652658628557,0.0,0.0,37.329787249999995
2024-11-05,20.09243663395489,-13.660946199378449,0.0,0.0,39.68540175
2024-11-06,24.95622394261495,9.247692692614955,0.0,0.0,48.91960491666666
2024-11-07,26.31549192967657,-0.930966570323438,0.0,0.0,49.92961600000001
2024-11-08,16.011488915604843,25.162296748938175,0.0,0.0,31.610636999999997
2024-11-09,10.098658429324512,18.00271334599117,0.0,9.127336262657845,24.812061999999997
2024-11-10,6.5795985424729295,13.278933959139586,6.5795985424729295,5.3493504591396,19.51314691666666
2024-11-11,16.613150399852138,35.593581899852154,0.0,0.0,41.69563883333335
2024-11-12,20.492941732814856,39.300191899481526,0.0,16.312265566148188,45.54923708333334
2024-11-13,40.68384075114269,28.028342834476028,0.0,0.0,47.79292291666667
2024-11-14,21.29802455405955,21.29802455405955,0.0,0.0,27.907377166666674
2024-11-15,6.076772180390144,15.846028263723479,0.0,0.0,21.959045916666664
2024-11-16,8.324572784308753,1.3593324509754225,8.324572784308753,8.851735950975417,14.869007749999996
2024-11-17,11.49314531451482,18.583388397848154,11.49314531451482,9.016833397848153,24.517396666666667
2024-11-18,3.0562542601676235,14.74190551016762,3.0562542601676235,5.1046305935009535,24.197236583333332
2024-11-19,24.2610576595726,32.02507357623926,24.49256899290593,23.549334242905935,38.03821649999999
2024-11-20,18.034919616222496,11.990994282889165,0.0,18.034919616222496,23.42269233333333
2024-11-21,23.49985844364049,12.377253943640504,0.0,0.0,34.7622075
2024-11-22,12.721585021021248,27.441536104354583,0.0,0.0,32.296302666666676
2024-11-23,15.636321497791215,6.625863581124548,0.0,0.0,20.79561
2024-11-24,3.8779256733840057,15.93553800671733,3.8779256733840057,3.8779256733840057,22.96081308333333
2024-11-25,21.745524879614976,22.19053712961497,0.0,0.0,27.34393808333333
2024-11-26,30.8245079916098,30.8245079916098,0.0,0.0,35.884639416666666
2024-11-27,10.949077026459683,5.124399943126345,0.0,0.0,21.785108250000004
2024-11-28,13.549938750080202,-8.259582833253141,0.0,13.549938750080202,18.448723083333338
2024-11-29,13.657227752570911,13.657227752570911,0.0,8.174971419237576,18.459390499999998
2024-12-02,23.580317533218278,-11.397147216781711,0.0,0.0,100.18618741666666
2024-12-03,12.676843164052606,-34.92050125261406,0.0,0.0,63.33280191666668
2024-12-04,45.178704214377554,-17.63249878562246,0.0,0.0,56.65718491666668
2024-12-05,32.90755565787273,-11.354478842127268,0.0,0.0,62.62822716666666
2024-12-06,5.860819891927562,8.056199558594237,0.0,0.0,66.29423391666667
2024-12-07,28.344576301080036,-31.635197865586637,0.0,0.0,40.22427966666667
2024-12-08,3.6528712060404267,-0.11497829395957737,0.0,3.454182289373758,14.145641166666664
2024-12-09,8.41454545334183,5.416635703341832,0.0,0.0,18.59019516666666
2024-12-10,9.42168119292425,-1.9863150570757497,0.0,0.0,17.792270666666663
2024-12-11,13.417791712103043,0.3882009621030349,0.0,0.0,28.026214833333338
2024-12-12,31.518391018733965,44.63900501873397,0.0,0.0,52.258508750000004
2024-12-13,8.613607103436294,49.85713927010297,0.0,0.0,57.43670641666668
2024-12-14,6.746923823205009,4.318804989871687,0.0,0.0,15.146617750000004
2024-12-15,9.533640236155314,-4.926981097178022,1.4342507361553132,2.3666809861553126,16.834798833333334
2024-12-16,8.749379632714064,9.374473716047394,0.0,5.954873632714062,16.40648975
2024-12-17,14.714913821893077,20.306394488559746,0.0,14.40078607189308,26.608734249999998
2024-12-18,12.268660372199044,12.268660372199044,0.0,0.0,18.614874166666663
2024-12-19,10.819249548406415,12.471539298406409,0.0,0.0,18.876651833333327
2024-12-20,13.895009774707773,-5.195042308625567,0.0,0.0,18.079256500000003
2024-12-21,21.360086319966253,0.4048551532995859,0.0,0.0,27.708972333333335
2024-12-22,22.00785063834602,20.12052522167935,0.0,0.0,33.11267866666666
2024-12-23,7.893060748069544,-6.878818835263786,0.0,0.0,49.766160083333325
2024-12-24,14.833473156556629,0.6432768232232959,0.0,0.0,20.778721166666667
2024-12-25,4.934814798647924,1.9150182986479258,0.0,5.01019913198126,10.844434333333332
2024-12-26,7.681866396465264,7.681866396465264,7.681866396465264,-0.5523316035347463,13.584236
2024-12-27,1.4348393519604983,0.3300739352938322,0.0,-2.35056414803951,7.954164416666671
2024-12-28,9.227421871089863,10.174918371089863,7.476099704423195,7.476099704423195,16.396553416666666
2024-12-29,8.462600428181037,0.9610570948477033,8.462600428181037,8.211877261514374,14.805023250000001
2024-12-30,19.163029245625893,1.3099059122925567,0.0,12.484268162292555,24.388245750000003
2025-01-02,15.957647686216298,-2.818920730450376,0.0,0.0,26.771847666666673
2025-01-03,8.731278670638265,-8.354375996028399,0.0,0.0,13.938167083333337
2025-01-04,5.767825116443149,-2.4283208835568573,0.0,0.0,17.895666666666667
2025-01-05,3.258637986232415,-11.937098013767592,0.0,0.0,12.180082083333328
2025-01-06,25.305086063871226,13.742301230537901,0.0,0.0,30.185511166666664
2025-01-07,16.211102739578806,-3.5983775104211873,0.0,0.0,47.77806516666664
2025-01-08,40.401345364766,10.895426948099349,0.0,0.0,47.046620166666656
2025-01-09,30.693305088243278,8.572077254909964,0.0,0.0,73.56503241666667
2025-01-10,37.935636873623,2.871846040289668,0.0,0.0,46.40596608333333
2025-01-11,-4.410529424251536,5.808676742415123,0.0,0.0,13.519928749999998
2025-01-12,8.480118540099266,1.98930529009926,0.0,0.0,17.930232750000005
2025-01-13,28.189457702975226,16.125752036308555,0.0,0.0,35.80926283333334
2025-01-14,22.859167268520245,38.595994935186916,0.0,0.0,50.94342416666667
2025-01-15,43.519593585222836,34.463617668556175,0.0,0.0,51.37384866666666
2025-01-16,34.387306984107475,36.23662473410747,0.0,0.0,43.63678691666667
2025-01-17,28.669299450043614,28.400751783376947,0.0,0.0,35.5904625
2025-01-18,15.535219385181549,7.109340635181546,0.0,0.0,23.12518683333335
2025-01-19,106.03033022871074,76.90580531204407,0.0,0.0,126.77335183333332
2025-01-20,187.90565757135954,107.45540348802618,0.0,0.0,206.8948883333333
2025-01-21,76.2103090783855,4.991364745052238,0.0,0.0,120.60959683333331
2025-01-22,75.94237972902451,108.86967514569119,0.0,0.0,185.81222175
2025-01-23,61.137139639925834,61.66164472325916,0.0,0.0,110.2691395
2025-01-24,62.16392061844675,61.67772578511341,0.0,0.0,109.36839891666668
2025-01-25,3.090164500936467,-66.55953599906353,0.0,0.0,65.86991166666668
2025-01-26,-32.644484434258146,-34.86448543425814,0.0,0.0,13.943958833333344
2025-01-27,-10.95251778118157,-39.041784031181564,0.0,0.0,37.15723475
2025-01-28,-23.982349706959777,4.777425043040225,0.0,0.0,51.016024916666666
2025-01-29,-0.5581676627070706,-9.531824746040392,0.0,0.0,25.925697833333338
2025-01-30,16.06198532070301,15.562553154036344,0.0,0.0,28.961908166666667
2025-02-02,9.41532879690758,-8.109587036425744,0.0,0.0,16.377810499999995
2025-02-03,22.25525929802041,-6.5957990353129325,0.0,0.0,27.502199666666666
2025-02-04,22.94317146047438,-10.89977453952562,0.0,0.0,29.139714916666662
2025-02-05,16.613454192847612,-20.477805557152386,0.0,0.0,23.34540308333333
2025-02-06,13.776345285621396,-15.023370297711939,0.0,0.0,20.380545833333333
2025-02-07,28.100937666913794,-36.14302874975289,0.0,0.0,36.88058141666667
2025-02-08,10.294965095995877,-9.461705320670788,0.0,0.0,15.387682250000005
2025-02-09,13.766739890147306,11.877732473480638,0.0,0.0,20.48259508333334
2025-02-10,9.591355867898379,45.045469367898384,0.0,0.0,50.35097325
2025-02-11,17.372048789513798,0.569230872847136,0.0,0.0,29.998367916666673
2025-02-12,9.753156306667762,9.894923806667762,0.0,0.0,20.42788883333334
2025-02-13,10.583274356641333,11.062210773307996,0.0,0.0,24.716474416666657
2025-02-14,6.842564085845218,38.58499158584521,0.0,0.0,49.51790458333333
2025-02-15,2.4120409908915406,3.9613051575582148,0.0,0.0,12.05377124999999
2025-02-16,5.358678001544057,-0.2572806651226074,0.0,0.0,15.55456525
2025-02-17,39.46781789464478,18.563520561311442,0.0,0.0,45.740048
2025-02-18,52.879211304510775,0.05462663784411603,0.0,0.0,65.34425716666667
2025-02-19,50.702118333914925,41.10919791724825,0.0,0.0,74.986551
2025-02-20,43.867066727115656,31.509099727115682,0.0,0.0,87.54467500000001
2025-02-21,129.11919890004776,145.5580809000478,0.0,0.0,166.40346558333334
2025-02-22,28.769384155750302,-46.62004392758304,0.0,0.0,50.19121975
2025-02-23,0.020167298100943754,-10.373603368565718,0.0,0.0,22.916598416666673
2025-02-24,6.686659549314541,2.986054549314538,0.0,0.0,37.23408125
2025-02-25,15.066070178822315,15.379676595488988,0.0,0.0,37.273906499999995
2025-02-26,1.835799750774612,-7.81557799922539,0.0,0.0,26.005329916666664
2025-02-27,-10.13780343322751,-4.407362516560845,0.0,0.0,21.90922041666667
2025-03-02,33.520993651704714,7.0139277350380596,0.0,0.0,51.80416650000001
2025-03-03,69.23089411070922,-14.113629889290799,0.0,0.0,82.33269466666667
2025-03-04,20.022617062219183,-8.04380743778082,0.0,0.0,32.274123749999994
2025-03-05,14.525606124941326,-23.411624125058665,0.0,0.0,24.66219583333333
2025-03-06,17.57692722368136,-7.412345776318645,0.0,0.0,37.395871416666665
2025-03-07,32.50660547990473,-20.605013436761933,0.0,0.0,49.87711425000001
2025-03-08,17.149753544522802,16.327022794522804,0.0,0.0,35.84892558333333
2025-03-09,14.47237888965067,26.84877405631734,0.0,0.0,35.24229991666667
2025-03-10,32.7811866685036,82.13501041850361,0.0,0.0,90.89467791666667
2025-03-11,8.167725931932747,34.957562931932756,0.0,0.0,45.75275016666666
2025-03-12,22.86062590857886,35.9229947419122,0.0,0.0,66.14513266666667
2025-03-13,25.27152788152128,19.767543298187967,0.0,0.0,47.449161583333336
2025-03-14,21.32474535448445,32.70530135448443,0.0,0.0,44.68631325
2025-03-15,15.117549304087404,6.0931383874207405,0.0,16.854156887420736,25.690545833333328
2025-03-16,27.914158566400957,22.18530264973429,27.914158566400957,24.802997649734287,36.880660750000004
2025-03-17,22.97745978651084,39.87467795317751,0.0,0.0,48.37693333333333
2025-03-18,11.66284571532687,64.42029288199353,0.0,0.0,80.01170208333333
2025-03-19,13.788850116897752,26.561212200231097,0.0,0.0,40.58041058333334
2025-03-20,16.9306878227787,7.478114156112035,0.0,0.0,49.582998333333336
2025-03-21,8.847461230133739,45.47082573013374,0.0,0.0,66.56009425
2025-03-22,10.268010001641578,9.623222668308248,0.0,0.0,36.94836958333334
2025-03-23,23.23351710004124,4.408505850041241,0.0,0.0,31.864389000000003
2025-03-24,15.22803062148353,17.218390621483532,0.0,0.0,29.669799666666655
2025-03-25,42.22169568089183,42.22169568089183,0.0,0.0,49.756693416666664
2025-03-26,48.24237130016817,41.55248521683483,0.0,0.0,55.863055083333336
2025-03-27,75.53862252627542,15.640424776275431,0.0,0.0,84.15094816666667
2025-03-28,21.509924466064593,21.509924466064593,0.0,0.0,31.028095583333325
2025-03-29,21.857589895739878,15.832771312406543,21.67620322907321,0.0,30.23305766666667
2025-03-30,17.077870241808753,11.882821908475421,17.077870241808753,0.0,26.507961999999996
2025-04-02,14.838314999479184,-15.712611250520812,0.0,0.0,31.945202833333326
2025-04-03,43.45594029000614,-23.941785793327195,0.0,0.0,50.954071333333346
2025-04-04,33.50914755299924,-21.999530197000766,0.0,0.0,39.92338208333332
2025-04-05,11.660717446279772,-15.11013522038689,0.0,0.0,23.483776499999994
2025-04-06,31.467360590143905,-4.501245826522755,0.0,0.0,37.36997808333332
2025-04-07,20.85894790356113,0.525437570227794,0.0,0.0,39.55208825000001
2025-04-08,71.19724920166462,50.264418534997965,0.0,0.0,78.98539925
2025-04-09,97.27989738611241,67.4098466361124,0.0,0.0,107.30393908333333
2025-04-10,21.272897261875357,4.565600928542025,0.0,0.0,47.79167716666667
2025-04-11,24.00301177812782,9.21177152812782,0.0,0.0,39.77072691666667
2025-04-12,9.79112040884553,2.2441271588455294,0.0,0.0,32.006893000000005
2025-04-13,18.447527627579184,12.569640960912508,0.0,0.0,44.65023108333334
2025-04-14,7.450884654286256,37.254161070952904,0.0,0.0,52.90780425
2025-04-15,23.75090888819538,-2.9348266118046133,0.0,0.0,63.43940433333334
2025-04-16,23.422218898346117,29.699205815012803,0.0,0.0,59.33062233333335
2025-04-17,45.44033464695223,14.071695480285562,0.0,0.0,55.17358349999999
2025-04-18,6.642406432682957,-4.654308483983705,0.0,0.0,42.462090749999994
2025-04-19,43.83571243469783,-17.982969565302163,0.0,0.0,53.5054545
2025-04-20,47.1378780176406,47.1378780176406,0.0,0.0,59.532287249999996
2025-04-21,24.25452142462507,8.374580757958405,0.0,0.0,59.183691583333335
2025-04-22,31.374479686269737,66.67323693626975,0.0,0.0,75.57478016666667
2025-04-23,46.339682500480045,36.99235591714671,0.0,0.0,65.47783433333332
2025-04-24,51.11610322604959,34.57462505938292,0.0,0.0,60.204599583333334
2025-04-25,34.38185351353103,7.69895326353101,0.0,0.0,43.689609250000004
2025-04-26,19.86048924861597,9.574854915282629,0.0,0.0,29.938761166666666
2025-04-27,22.58362509143576,18.03738967476909,22.58362509143576,0.0,32.45792325
2025-04-28,34.969572893422495,34.969572893422495,0.0,0.0,45.20903908333334
2025-04-29,56.148828628305786,25.95335779497246,0.0,0.0,66.68706666666667
2025-05-02,38.52015275770552,6.0258960910388595,0.0,0.0,47.210387999999995
2025-05-03,24.977480656790014,-5.5997476765433305,0.0,0.0,36.6987405
2025-05-04,7.282782764585839,-8.002453568747498,4.278320847919169,0.0,16.916575333333334
2025-05-05,24.673591308362866,-3.947608358303796,0.0,0.0,33.80476491666666
2025-05-06,32.345947935077376,-7.163197814922633,0.0,0.0,40.13298025
2025-05-07,36.921871688649844,16.322669188649854,0.0,0.0,44.30944858333333
2025-05-08,39.23015204638078,16.03954712971411,0.0,0.0,45.994240000000005
2025-05-09,20.613813620433866,7.217447120433878,0.0,0.0,27.287175416666663
2025-05-10,9.31763891526056,12.348707165260567,9.86376658192723,13.998486998593897,19.669762499999997
2025-05-11,11.074266605622721,18.51236860562271,11.074266605622721,10.29668577228938,26.809625416666663
2025-05-12,27.244246238420207,26.42745240508688,0.0,0.0,33.56001233333333
2025-05-13,17.711713915387968,31.458792082054636,0.0,0.0,37.75201650000001
2025-05-14,19.3058376909329,39.68835794093292,0.0,0.0,46.11811058333333
2025-05-15,61.73282095644045,41.60672003977379,0.0,0.0,68.33145491666666
2025-05-16,54.46927938486151,41.955409468194844,0.0,0.0,77.75325933333333
2025-05-17,34.18563923195059,23.715208731950597,0.0,0.0,45.182069999999996
2025-05-18,22.54752215384027,22.059405153840267,22.54752215384027,18.768357237173603,32.28438725
2025-05-19,23.068351542091065,16.913894125424395,0.0,0.0,32.891146750000004
2025-05-20,26.261491486539363,12.66283298653936,12.420519486539362,0.0,36.41282625
2025-05-21,28.369350676496424,28.369350676496424,0.0,0.0,38.17047975
2025-05-22,6.380718921702513,11.020395338369166,13.213204671702503,0.0,23.63776174999999
2025-05-23,10.514053625100455,-8.843315041566214,9.216137125100449,0.0,25.562415750000003
2025-05-24,15.367173103671934,20.44274660367192,14.914999187005268,14.886303853671937,32.415203333333324
2025-05-25,11.099762044297787,13.85228646096445,12.72093021096445,-0.8397566223688813,18.934455333333332
2025-05-26,9.258105004927533,19.7624599215942,9.258105004927533,2.9151435882608645,25.368625833333333
2025-05-27,17.059283505666333,17.059283505666333,13.251307672332995,0.0,22.41188525
2025-05-28,13.093198395857943,23.185944895857947,0.0,0.0,28.058839749999997
2025-05-29,27.30069414450921,17.69914889450921,0.0,0.0,32.217601
2025-05-30,25.761602640041712,26.4230458900417,0.0,0.0,41.316198416666666
2025-06-02,9.360646760983474,6.180536260983473,9.360646760983474,0.0,35.757315500000004
2025-06-03,30.800636245640835,15.622719162307508,26.780294495640835,0.0,36.96221341666667
2025-06-04,37.48234941978829,28.517820003121617,0.0,0.0,49.94730891666667
2025-06-05,23.2557735045482,23.999364671214877,0.0,0.0,36.09107925000001
2025-06-06,18.23088060961994,14.184000776286606,0.0,0.0,25.331405999999998
2025-06-07,17.889025700317084,4.509669866983742,17.889025700317084,0.0,30.841719
2025-06-08,18.883282015192904,5.122260598526239,18.883282015192904,19.444354515192902,26.832787166666666
2025-06-09,14.152747441956258,20.02781185862292,14.152747441956258,0.0,27.343769916666666
2025-06-10,25.80536844840659,25.80536844840659,25.80536844840659,0.0,32.05848675
2025-06-11,50.53249065299296,51.38131248632631,0.0,0.0,58.01108833333334
2025-06-12,45.8042486420003,67.17210522533364,0.0,0.0,74.03193375000001
2025-06-13,26.285537998861688,20.67522399886169,0.0,0.0,34.492205750000004
2025-06-14,9.472323020001486,15.539476853334829,0.0,0.0,24.285792583333336
2025-06-15,13.549469517180686,14.277816267180686,13.77288110051402,8.994287100514029,24.412649083333335
2025-06-16,34.32180458083629,10.787948497502956,0.0,0.0,44.884523916666666
2025-06-17,35.007547883824074,28.221754133824074,0.0,0.0,44.26149075000001
2025-06-18,29.479541122933266,29.479541122933266,0.0,0.0,39.17995008333334
2025-06-19,29.257516425216185,34.94440725854952,0.0,0.0,43.466619166666675
2025-06-20,22.712918971728477,22.712918971728477,0.0,0.0,30.35321025
2025-06-21,31.025362141750925,25.639749308417585,26.98683914175092,0.0,39.39476691666667
2025-06-22,89.35164169147998,13.730366691479976,0.0,0.0,97.64269225000001
2025-06-23,196.78555531448026,215.31043489781362,0.0,0.0,235.1322466666667
2025-06-24,255.7344900633493,131.22402881334926,0.0,0.0,351.3277254166667
2025-06-25,65.78634965355832,155.71274123689165,0.0,0.0,214.51198374999998
2025-06-26,36.03951289817806,37.46922464817807,0.0,0.0,112.70336641666668
2025-06-27,10.785122945197855,10.785122945197855,0.0,0.0,54.21365983333334
2025-06-28,0.418616215298357,1.179782881965025,0.0,0.0,44.31304591666667
2025-06-29,33.12391940869183,24.965166658691835,0.0,0.0,77.54223116666665
2025-07-02,30.074832452518947,3.0382702025189303,0.0,0.0,65.04716216666667
2025-07-03,47.00836651399226,12.430892180658923,0.0,0.0,70.93370108333333
2025-07-04,34.76022219714086,12.370855280474203,0.0,0.0,47.75192
2025-07-05,53.807464364379854,22.893051114379855,0.0,0.0,65.7133425
2025-07-06,66.88420836094738,30.767703694280726,0.0,0.0,78.59434825
2025-07-07,27.046877653987934,33.10629373732129,0.0,0.0,52.788766499999994
2025-07-08,73.32376616374779,60.671763497081116,0.0,0.0,85.84955558333333
2025-07-09,37.97857419441017,39.000656361076835,0.0,0.0,67.17916241666666
2025-07-10,42.33063353163735,34.05328869830402,0.0,0.0,55.653078583333325
2025-07-11,55.11814863557957,27.12785563557957,0.0,0.0,68.11373208333335
2025-07-12,31.817213656324853,45.9785880729915,0.0,0.0,61.167184749999976
2025-07-13,36.06331317298312,34.607043589649784,0.0,0.0,50.373732416666655
2025-07-14,63.97262985119332,66.59257426785999,0.0,0.0,78.99298458333334
2025-07-15,76.09631138453439,97.21419255120105,0.0,0.0,111.329048
2025-07-16,72.3938797800367,79.15096578003669,0.0,0.0,93.51083883333332
2025-07-17,77.51374180470098,90.0876576380343,0.0,0.0,106.69687433333335
2025-07-18,31.05903819256163,31.136040692561636,0.0,0.0,48.025407
2025-07-19,39.938090394037104,40.896502894037106,0.0,0.0,61.75052049999999
2025-07-20,45.45914296825313,29.992462468253123,0.0,0.0,65.564041
2025-07-21,33.19294409491067,27.46446701157733,0.0,0.0,50.26401283333334
2025-07-22,15.414267515162166,18.588695181828832,0.0,0.0,52.77049333333332
2025-07-23,54.49030209700842,50.938131597008436,0.0,0.0,69.69372149999998
2025-07-24,150.05905431640497,128.84342106640494,0.0,0.0,164.00100550000002
2025-07-25,110.27183175882709,122.43499834216044,0.0,0.0,160.45263950000003
2025-07-26,49.19680861266627,23.2699216959996,0.0,0.0,69.18371525
2025-07-27,57.08797744901685,55.9034198656835,0.0,0.0,78.32625475
2025-07-28,181.5239442185179,35.76817346851787,0.0,0.0,302.59134116666667
2025-07-29,330.3804096003702,420.54343135037016,0.0,0.0,473.5001608333333
2025-07-30,72.32135482105409,85.31079157105408,0.0,0.0,257.7085861666667
2025-08-02,-26.644268538401697,-45.05408153840169,-29.34767012173502,0.0,23.926281416666658
2025-08-03,-22.912629881112874,-45.31904371444621,-23.072815714446204,0.0,28.304589000000007
2025-08-04,1.9349951327145476,-20.399926283952123,0.0,0.0,52.689921333333345
2025-08-05,-11.292859925305365,-22.847406508638684,0.0,0.0,45.38287683333333
2025-08-06,-6.669890773039988,-18.77285018970664,0.0,0.0,42.642386333333334
2025-08-07,33.353701212268575,12.979839545601912,0.0,0.0,47.60475174999999
2025-08-08,24.84275418602993,33.4674576026966,0.0,0.0,47.111369249999996
2025-08-09,47.97504965273824,25.102009152738233,0.0,0.0,57.87465525
2025-08-10,32.201307403780014,45.79678965378002,0.0,0.0,54.8474535
2025-08-11,65.92880802452181,65.90604177452181,0.0,0.0,75.11739691666668
2025-08-12,74.5522573985242,65.22546331519091,0.0,0.0,85.00286033333332
2025-08-13,33.39888995186823,27.436892868534898,0.0,0.0,44.978142000000005
2025-08-14,48.37914056351129,52.333047896844626,0.0,0.0,64.15008283333333
2025-08-15,69.01088463248394,60.4013180491506,0.0,0.0,81.47038725
2025-08-16,39.20345600672208,34.552530173388746,0.0,0.0,64.48399791666667
2025-08-17,58.72501435178008,57.76165518511341,0.0,0.0,72.28116833333334
2025-08-18,25.800685931188916,34.080565931188914,0.0,0.0,47.94418383333334
2025-08-19,30.380510214334013,25.86872754766735,0.0,0.0,46.34200499999999
2025-08-20,23.71501749700856,23.71501749700856,0.0,0.0,36.162648250000004
2025-08-21,17.414496417075554,8.868683583742232,0.0,0.0,29.595965499999995
2025-08-22,20.283247305565425,18.82172597223208,0.0,0.0,33.44766208333334
2025-08-23,14.067510265739447,17.760969265739437,13.287688015739445,0.0,27.946826999999995
2025-08-24,9.83271598993646,18.03909865660312,9.861540656603133,0.0,27.831261249999994
2025-08-25,14.746635240668517,11.950082240668515,0.0,0.0,23.807285333333333
2025-08-26,11.496869559397101,14.66449847606377,14.696019892730437,3.490709059397105,21.486011916666662
2025-08-27,13.93949139110402,13.945621807770692,13.93949139110402,4.799362557770696,23.651644583333336
2025-08-28,13.79892378473631,14.194286201402978,20.58712470140297,10.682176034736315,26.138925083333326
2025-08-29,14.215012916359722,16.210434749693057,14.215012916359722,5.760406833026394,24.926675999999997
2025-08-30,13.150347932103529,13.706841348770194,13.790689598770193,4.510909182103525,27.33951333333333
2025-09-02,41.403978635464284,7.361632552130963,0.0,0.0,46.089506833333324
2025-09-03,27.963083620193707,2.0601953701937177,28.62747187019371,0.0,33.967679499999996
2025-09-04,15.798294874164043,-6.828038709169295,15.195983124164044,0.0,37.11851299999999
2025-09-05,44.18698928998501,11.076537123318342,41.97587053998501,0.0,49.90735875
2025-09-06,15.347195123808234,-9.735108126191776,15.347195123808234,0.0,21.702244500000006
2025-09-07,13.47612425539041,-4.9745919946095825,13.952062338723735,13.952062338723735,25.270848416666656
2025-09-08,33.83407060504474,29.12920243837807,33.0514115217114,0.0,39.94038991666667
2025-09-09,39.076552371342785,39.076552371342785,39.076552371342785,0.0,45.198514833333334
2025-09-10,22.033738420193146,22.033738420193146,0.0,0.0,44.77522958333333
2025-09-11,35.23030058126767,35.23030058126767,0.0,0.0,43.34525033333334
2025-09-12,44.58305241276889,44.58305241276889,0.0,0.0,54.06562475
2025-09-13,21.78086282658498,21.78086282658498,0.0,0.0,38.98182666666666
2025-09-14,35.52144571835597,15.604089885022638,34.955511801689305,0.0,51.38426841666667
2025-09-15,72.04435591526237,48.39056499859571,0.0,0.0,79.94279683333333
2025-09-16,39.80420924866347,41.84724866533013,0.0,0.0,50.94681233333333
2025-09-17,46.17471695170458,46.45209028503791,0.0,0.0,55.849953500000005
2025-09-18,51.82137000327954,66.17368916994619,0.0,0.0,75.92287524999998
2025-09-19,38.25307526510434,62.34564084843769,0.0,0.0,72.85579741666668
2025-09-20,14.258540565556316,30.76537731555632,0.0,0.0,42.053064750000004
2025-09-21,41.347187387106786,35.44717797044012,42.76108447044011,0.0,53.320255416666654
2025-09-22,50.96223611194687,40.44864744528022,0.0,0.0,69.69306850000001
2025-09-23,79.17502800059674,65.01692416726341,0.0,0.0,89.37849641666668
2025-09-24,31.95655371533266,36.84591896533266,0.0,0.0,48.14831183333334
2025-09-25,48.446807250071245,39.28659016673792,0.0,0.0,60.848679583333336
2025-09-26,40.126469534974184,53.10354995164085,0.0,0.0,63.991698916666664
2025-09-27,24.462660996576748,33.99662049657675,0.0,0.0,49.10013425000001
2025-09-28,51.199180790806636,51.199180790806636,0.0,0.0,89.89957808333334
2025-09-29,94.25513237863757,94.25513237863757,0.0,0.0,105.68551425
2025-10-02,68.67576814057028,6.714037223903624,0.0,0.0,80.70580325000002
2025-10-03,67.12733003842908,9.784786621762407,0.0,0.0,95.35652708333333
2025-10-04,52.38097305207694,-7.175171614589722,0.0,0.0,94.88490033333333
2025-10-05,50.845956791895105,9.01251454189509,0.0,0.0,104.40903083333333
2025-10-06,109.25126574945148,36.682536999451486,0.0,0.0,176.31629674999996
2025-10-07,62.83169341162216,-0.09869567171116245,0.0,0.0,79.51407541666666
2025-10-08,28.53825105260713,39.90887713594044,0.0,0.0,56.326231333333325
2025-10-09,49.76724736440677,55.972152531073455,0.0,0.0,73.29166433333333
2025-10-10,14.946173619371265,20.581699036037932,0.0,0.0,40.88018191666667
2025-10-11,20.674921523217336,24.989575439884014,0.0,0.0,40.47232233333334
2025-10-12,41.90236169011791,38.5052261901179,0.0,0.0,56.60741175
2025-10-13,89.07867646519345,84.16769879852677,0.0,0.0,102.93432150000002
2025-10-14,57.29719930966242,57.29719930966242,0.0,0.0,75.63345141666669
2025-10-15,10.353683369622217,52.059890536288876,0.0,0.0,62.93433675
2025-10-16,16.26031985290838,32.72759618624171,0.0,0.0,50.11145875
2025-10-17,10.088640025313168,53.06284669197983,0.0,0.0,64.71709591666666
2025-10-18,25.40642879240174,45.44791587573508,0.0,0.0,56.34105041666666
2025-10-19,31.430975449872534,30.88788886653921,0.0,0.0,42.61926475
2025-10-20,33.967382958220206,33.73163720822021,0.0,0.0,62.22512424999999
2025-10-21,13.726356025938735,29.094457192605404,0.0,0.0,56.89066158333334
2025-10-22,50.89251528801016,44.65389345467683,0.0,0.0,63.042370250000005
2025-10-23,65.29148335616443,81.1877935228311,0.0,0.0,91.41755524999999
2025-10-24,97.9704213523577,97.9704213523577,0.0,0.0,112.27680441666669
2025-10-25,18.23629248188299,9.159105481882996,0.0,0.0,59.315545833333324
2025-10-26,20.4245165127478,16.190026679414473,0.0,0.0,34.814887166666665
2025-10-27,34.54612039182075,42.71784347515408,0.0,0.0,54.753427583333334
2025-10-28,27.630516214099387,54.903580880766036,0.0,0.0,66.74390083333333
2025-10-29,28.210928566880725,28.210928566880725,0.0,0.0,52.0297025
2025-10-30,33.33445865111247,32.76699148444582,0.0,0.0,44.988431666666656
2025-11-02,30.361825658670632,-7.625876341329366,0.0,0.0,41.72492608333334
2025-11-03,44.70174994562575,-13.489230887707588,0.0,0.0,56.509031833333324
2025-11-04,23.632078969601217,-18.53822794706545,0.0,0.0,54.231021833333344
2025-11-05,27.546707426393162,-19.722711323606838,0.0,0.0,51.47864183333333
2025-11-06,28.230787821017074,-12.341567012316261,0.0,0.0,46.165886666666665
2025-11-07,22.426249536897117,-10.341723296436207,0.0,0.0,38.13687416666667
2025-11-08,13.650445339621456,32.62996708962146,0.0,0.0,43.425599999999996
2025-11-09,24.87968666474336,20.93741999807669,0.0,0.0,38.87787441666667
2025-11-10,70.08327083625042,34.91992733625043,0.0,0.0,84.15675116666665
2025-11-11,47.6773874358144,70.52475351914774,0.0,0.0,100.75528958333334
2025-11-12,44.28649215538525,30.41594357205193,0.0,0.0,61.23977350000001
2025-11-13,32.957707428519164,34.240581761852496,0.0,0.0,46.027568
2025-11-14,41.04470502992004,28.763072113253372,0.0,0.0,53.11635591666667
2025-11-15,14.671589446926788,-12.097289469739884,0.0,0.0,28.888990833333338
2025-11-16,19.82979871757943,18.68139796757943,21.45808871757943,19.82979871757943,34.21123208333334
2025-11-17,24.243897895322277,28.428081561988947,0.0,0.0,52.97056383333333
2025-11-18,43.80653060475154,38.54270118808488,0.0,0.0,63.56433525000001
2025-11-19,38.70565728413944,31.20550628413944,0.0,0.0,49.34647608333335
2025-11-20,22.26939597058343,41.38798738725008,0.0,0.0,66.11832325
2025-11-21,24.253459651570488,23.09883781823715,0.0,0.0,38.28192325
2025-11-22,4.982911706396784,7.2800764563967775,0.0,0.0,23.616784166666676
2025-11-23,9.989472648826265,9.989472648826265,9.989472648826265,0.0,31.104995583333334
2025-11-24,0.4829097789500878,14.448055028950101,0.0,0.0,49.52899450000001
2025-11-25,4.06704772536186,-2.280130441304806,0.0,0.0,17.122823833333335
2025-11-26,8.19354753659131,1.7983813699246411,0.0,7.889803786591308,17.3204325
2025-11-27,8.773016659675196,-1.041955923658147,9.376514743008528,8.448875826341862,17.456675416666673
2025-11-28,22.51995781128784,-6.196800938712148,0.0,0.0,30.421337916666666
2025-11-29,26.680875650561596,-3.3744144327717507,0.0,0.0,32.505708083333346
2025-12-02,41.10012210235207,-12.590751647647927,0.0,0.0,58.387352
2025-12-03,6.076369592049673,-18.40821199128367,0.0,0.0,55.15311566666667
2025-12-04,25.296492728022187,-13.046642355311164,0.0,0.0,61.80483966666666
2025-12-05,16.526562893533487,-5.096035106466516,0.0,0.0,45.83261233333331
2025-12-06,19.193184071003202,-10.914524678996784,0.0,0.0,30.459636249999996
2025-12-07,8.829737896447241,4.703327896447249,0.0,0.0,23.682199749999988
2025-12-08,52.33633688931595,9.47794213931597,0.0,0.0,69.12751141666665
2025-12-09,-27.123387483590875,19.312041099742444,0.0,0.0,109.24755783333336
2025-12-10,21.439743614289604,12.814679530956255,0.0,0.0,41.587555666666674
2025-12-11,41.02716768581049,45.96180993581051,0.0,0.0,70.35289783333334
2025-12-12,41.72542094431254,42.9412850276459,0.0,0.0,54.19640158333337
2025-12-13,19.354619784936247,27.909938534936252,0.0,0.0,39.84214383333333
2025-12-14,87.38102435348671,89.1782008534867,0.0,0.0,101.11601250000002
2025-12-15,43.46066292323695,26.752345006570266,0.0,0.0,114.55301391666667
2025-12-16,132.46321457381373,132.46321457381373,0.0,0.0,149.62553541666668
2025-12-17,35.10373230190043,8.856450885233762,0.0,0.0,52.748287749999996
2025-12-18,14.05608564912503,-4.169607267541629,0.0,0.0,33.86064025
2025-12-19,15.245060996559467,0.7294063298927966,0.0,0.0,41.379263666666674
2025-12-20,6.834901689788012,-2.961509976878652,0.0,0.0,32.171353749999994
2025-12-21,-3.4772150410811093,-1.612187791081098,0.0,0.0,20.708858833333334
2025-12-22,-1.7950630939005734,29.552523906099438,0.0,0.0,49.380977750000014
2025-12-23,4.418312041645777,0.1981501249791009,0.0,0.0,19.768320833333338
2025-12-24,6.8460394937620705,0.9859460770953987,0.0,0.0,16.663466416666676
2025-12-25,9.65312876044915,-8.779347572884177,9.585002593782487,9.65312876044915,15.369045666666665
2025-12-26,14.8481889430569,20.130417693056902,0.0,14.8481889430569,26.972008
2025-12-27,0.4494203188795609,-0.5298760977870991,0.0,0.0,10.170873250000003
2025-12-28,-1.0557283116746667,0.9780311883253319,0.0,-2.648662395008003,7.153403999999998
2025-12-29,18.715484116995537,2.8223350336622026,0.0,18.52669995032886,25.107986833333324
2025-12-30,21.38606678253165,3.473286032531661,0.0,0.0,40.80674941666667
